Kods,Nosaukums,Spēkā no,Spēkā līdz,Veiktās izmaiņas,Kods pirms izmaiņām,Kods pēc izmaiņām,Līmenis,Saistītās klasif.
0001000,Rīga,01.07.2021,,,,,1,"ATVK2017 Vecā versija <-> Jaunā versija, NUTS2021 Nacionālā <-> Starptautiskā, NUTS2024 Nacionālā <-> Starptautiskā"
0002000,Daugavpils,01.07.2021,,,,,1,"ATVK2017 Vecā versija <-> Jaunā versija, NUTS2021 Nacionālā <-> Starptautiskā, NUTS2024 Nacionālā <-> Starptautiskā"
0003000,Jelgava,01.07.2021,,,,,1,"ATVK2017 Vecā versija <-> Jaunā versija, NUTS2021 Nacionālā <-> Starptautiskā, NUTS2024 Nacionālā <-> Starptautiskā"
0004000,Jūrmala,01.07.2021,,,,,1,"ATVK2017 Vecā versija <-> Jaunā versija, NUTS2021 Nacionālā <-> Starptautiskā, NUTS2024 Nacionālā <-> Starptautiskā"
0005000,Liepāja,01.07.2021,,,,,1,"ATVK2017 Vecā versija <-> Jaunā versija, NUTS2021 Nacionālā <-> Starptautiskā, NUTS2024 Nacionālā <-> Starptautiskā"
0006000,Rēzekne,01.07.2021,,,,,1,"ATVK2017 Vecā versija <-> Jaunā versija, NUTS2021 Nacionālā <-> Starptautiskā, NUTS2024 Nacionālā <-> Starptautiskā"
0007000,Ventspils,01.07.2021,,,,,1,"ATVK2017 Vecā versija <-> Jaunā versija, NUTS2021 Nacionālā <-> Starptautiskā, NUTS2024 Nacionālā <-> Starptautiskā"
0020000,Aizkraukles novads,01.07.2021,,,,,1,"NUTS2021 Nacionālā <-> Starptautiskā, NUTS2024 Nacionālā <-> Starptautiskā"
0020200,Aizkraukle,01.07.2021,,,,,2,"ATVK2017 Vecā versija <-> Jaunā versija, NUTS2021 Nacionālā <-> Starptautiskā, NUTS2024 Nacionālā <-> Starptautiskā"
0020210,Jaunjelgava,01.07.2021,,,,,2,"ATVK2017 Vecā versija <-> Jaunā versija, NUTS2021 Nacionālā <-> Starptautiskā, NUTS2024 Nacionālā <-> Starptautiskā"
0020220,Koknese,01.07.2021,,,,,2,"ATVK2017 Vecā versija <-> Jaunā versija, NUTS2021 Nacionālā <-> Starptautiskā, NUTS2024 Nacionālā <-> Starptautiskā"
0020230,Pļaviņas,01.07.2021,,,,,2,"ATVK2017 Vecā versija <-> Jaunā versija, NUTS2021 Nacionālā <-> Starptautiskā, NUTS2024 Nacionālā <-> Starptautiskā"
0020400,Aiviekstes pagasts,01.07.2021,,,,,2,"ATVK2017 Vecā versija <-> Jaunā versija, NUTS2021 Nacionālā <-> Starptautiskā, NUTS2024 Nacionālā <-> Starptautiskā"
0020410,Aizkraukles pagasts,01.07.2021,,,,,2,"ATVK2017 Vecā versija <-> Jaunā versija, NUTS2021 Nacionālā <-> Starptautiskā, NUTS2024 Nacionālā <-> Starptautiskā"
0020420,Bebru pagasts,01.07.2021,,,,,2,"ATVK2017 Vecā versija <-> Jaunā versija, NUTS2021 Nacionālā <-> Starptautiskā, NUTS2024 Nacionālā <-> Starptautiskā"
0020430,Daudzeses pagasts,01.07.2021,,,,,2,"ATVK2017 Vecā versija <-> Jaunā versija, NUTS2021 Nacionālā <-> Starptautiskā, NUTS2024 Nacionālā <-> Starptautiskā"
0020440,Iršu pagasts,01.07.2021,,,,,2,"ATVK2017 Vecā versija <-> Jaunā versija, NUTS2021 Nacionālā <-> Starptautiskā, NUTS2024 Nacionālā <-> Starptautiskā"
0020450,Jaunjelgavas pagasts,01.07.2021,,,,,2,"ATVK2017 Vecā versija <-> Jaunā versija, NUTS2021 Nacionālā <-> Starptautiskā, NUTS2024 Nacionālā <-> Starptautiskā"
0020460,Klintaines pagasts,01.07.2021,,,,,2,"ATVK2017 Vecā versija <-> Jaunā versija, NUTS2021 Nacionālā <-> Starptautiskā, NUTS2024 Nacionālā <-> Starptautiskā"
0020470,Kokneses pagasts,01.07.2021,,,,,2,"ATVK2017 Vecā versija <-> Jaunā versija, NUTS2021 Nacionālā <-> Starptautiskā, NUTS2024 Nacionālā <-> Starptautiskā"
0020480,Mazzalves pagasts,01.07.2021,,,,,2,"ATVK2017 Vecā versija <-> Jaunā versija, NUTS2021 Nacionālā <-> Starptautiskā, NUTS2024 Nacionālā <-> Starptautiskā"
0020490,Neretas pagasts,01.07.2021,,,,,2,"ATVK2017 Vecā versija <-> Jaunā versija, NUTS2021 Nacionālā <-> Starptautiskā, NUTS2024 Nacionālā <-> Starptautiskā"
0020500,Pilskalnes pagasts,01.07.2021,,,,,2,"ATVK2017 Vecā versija <-> Jaunā versija, NUTS2021 Nacionālā <-> Starptautiskā, NUTS2024 Nacionālā <-> Starptautiskā"
0020510,Seces pagasts,01.07.2021,,,,,2,"ATVK2017 Vecā versija <-> Jaunā versija, NUTS2021 Nacionālā <-> Starptautiskā, NUTS2024 Nacionālā <-> Starptautiskā"
0020520,Sērenes pagasts,01.07.2021,,,,,2,"ATVK2017 Vecā versija <-> Jaunā versija, NUTS2021 Nacionālā <-> Starptautiskā, NUTS2024 Nacionālā <-> Starptautiskā"
0020530,Skrīveru pagasts,01.07.2021,,,,,2,"ATVK2017 Vecā versija <-> Jaunā versija, NUTS2021 Nacionālā <-> Starptautiskā, NUTS2024 Nacionālā <-> Starptautiskā"
0020540,Staburaga pagasts,01.07.2021,,,,,2,"ATVK2017 Vecā versija <-> Jaunā versija, NUTS2021 Nacionālā <-> Starptautiskā, NUTS2024 Nacionālā <-> Starptautiskā"
0020550,Sunākstes pagasts,01.07.2021,,,,,2,"ATVK2017 Vecā versija <-> Jaunā versija, NUTS2021 Nacionālā <-> Starptautiskā, NUTS2024 Nacionālā <-> Starptautiskā"
0020560,Vietalvas pagasts,01.07.2021,,,,,2,"ATVK2017 Vecā versija <-> Jaunā versija, NUTS2021 Nacionālā <-> Starptautiskā, NUTS2024 Nacionālā <-> Starptautiskā"
0020570,Zalves pagasts,01.07.2021,,,,,2,"ATVK2017 Vecā versija <-> Jaunā versija, NUTS2021 Nacionālā <-> Starptautiskā, NUTS2024 Nacionālā <-> Starptautiskā"
0021000,Alūksnes novads,01.07.2021,,,,,1,"NUTS2021 Nacionālā <-> Starptautiskā, NUTS2024 Nacionālā <-> Starptautiskā"
0021200,Alūksne,01.07.2021,,,,,2,"ATVK2017 Vecā versija <-> Jaunā versija, NUTS2021 Nacionālā <-> Starptautiskā, NUTS2024 Nacionālā <-> Starptautiskā"
0021400,Alsviķu pagasts,01.07.2021,,,,,2,"ATVK2017 Vecā versija <-> Jaunā versija, NUTS2021 Nacionālā <-> Starptautiskā, NUTS2024 Nacionālā <-> Starptautiskā"
0021410,Annas pagasts,01.07.2021,,,,,2,"ATVK2017 Vecā versija <-> Jaunā versija, NUTS2021 Nacionālā <-> Starptautiskā, NUTS2024 Nacionālā <-> Starptautiskā"
0021420,Ilzenes pagasts,01.07.2021,,,,,2,"ATVK2017 Vecā versija <-> Jaunā versija, NUTS2021 Nacionālā <-> Starptautiskā, NUTS2024 Nacionālā <-> Starptautiskā"
0021430,Jaunalūksnes pagasts,01.07.2021,,,,,2,"ATVK2017 Vecā versija <-> Jaunā versija, NUTS2021 Nacionālā <-> Starptautiskā, NUTS2024 Nacionālā <-> Starptautiskā"
0021440,Jaunannas pagasts,01.07.2021,,,,,2,"ATVK2017 Vecā versija <-> Jaunā versija, NUTS2021 Nacionālā <-> Starptautiskā, NUTS2024 Nacionālā <-> Starptautiskā"
0021450,Jaunlaicenes pagasts,01.07.2021,,,,,2,"ATVK2017 Vecā versija <-> Jaunā versija, NUTS2021 Nacionālā <-> Starptautiskā, NUTS2024 Nacionālā <-> Starptautiskā"
0021460,Kalncempju pagasts,01.07.2021,,,,,2,"ATVK2017 Vecā versija <-> Jaunā versija, NUTS2021 Nacionālā <-> Starptautiskā, NUTS2024 Nacionālā <-> Starptautiskā"
0021470,Liepnas pagasts,01.07.2021,,,,,2,"ATVK2017 Vecā versija <-> Jaunā versija, NUTS2021 Nacionālā <-> Starptautiskā, NUTS2024 Nacionālā <-> Starptautiskā"
0021480,Malienas pagasts,01.07.2021,,,,,2,"ATVK2017 Vecā versija <-> Jaunā versija, NUTS2021 Nacionālā <-> Starptautiskā, NUTS2024 Nacionālā <-> Starptautiskā"
0021490,Mālupes pagasts,01.07.2021,,,,,2,"ATVK2017 Vecā versija <-> Jaunā versija, NUTS2021 Nacionālā <-> Starptautiskā, NUTS2024 Nacionālā <-> Starptautiskā"
0021500,Mārkalnes pagasts,01.07.2021,,,,,2,"ATVK2017 Vecā versija <-> Jaunā versija, NUTS2021 Nacionālā <-> Starptautiskā, NUTS2024 Nacionālā <-> Starptautiskā"
0021510,Pededzes pagasts,01.07.2021,,,,,2,"ATVK2017 Vecā versija <-> Jaunā versija, NUTS2021 Nacionālā <-> Starptautiskā, NUTS2024 Nacionālā <-> Starptautiskā"
0021520,Veclaicenes pagasts,01.07.2021,,,,,2,"ATVK2017 Vecā versija <-> Jaunā versija, NUTS2021 Nacionālā <-> Starptautiskā, NUTS2024 Nacionālā <-> Starptautiskā"
0021530,Zeltiņu pagasts,01.07.2021,,,,,2,"ATVK2017 Vecā versija <-> Jaunā versija, NUTS2021 Nacionālā <-> Starptautiskā, NUTS2024 Nacionālā <-> Starptautiskā"
0021540,Ziemera pagasts,01.07.2021,,,,,2,"ATVK2017 Vecā versija <-> Jaunā versija, NUTS2021 Nacionālā <-> Starptautiskā, NUTS2024 Nacionālā <-> Starptautiskā"
0022000,Augšdaugavas novads,01.07.2021,,,,,1,"NUTS2021 Nacionālā <-> Starptautiskā, NUTS2024 Nacionālā <-> Starptautiskā"
0022200,Ilūkste,01.07.2021,,,,,2,"ATVK2017 Vecā versija <-> Jaunā versija, NUTS2021 Nacionālā <-> Starptautiskā, NUTS2024 Nacionālā <-> Starptautiskā"
0022210,Subate,01.07.2021,,,,,2,"ATVK2017 Vecā versija <-> Jaunā versija, NUTS2021 Nacionālā <-> Starptautiskā, NUTS2024 Nacionālā <-> Starptautiskā"
0022400,Ambeļu pagasts,01.07.2021,,,,,2,"ATVK2017 Vecā versija <-> Jaunā versija, NUTS2021 Nacionālā <-> Starptautiskā, NUTS2024 Nacionālā <-> Starptautiskā"
0022410,Bebrenes pagasts,01.07.2021,,,,,2,"ATVK2017 Vecā versija <-> Jaunā versija, NUTS2021 Nacionālā <-> Starptautiskā, NUTS2024 Nacionālā <-> Starptautiskā"
0022420,Biķernieku pagasts,01.07.2021,,,,,2,"ATVK2017 Vecā versija <-> Jaunā versija, NUTS2021 Nacionālā <-> Starptautiskā, NUTS2024 Nacionālā <-> Starptautiskā"
0022430,Demenes pagasts,01.07.2021,,,,,2,"ATVK2017 Vecā versija <-> Jaunā versija, NUTS2021 Nacionālā <-> Starptautiskā, NUTS2024 Nacionālā <-> Starptautiskā"
0022440,Dubnas pagasts,01.07.2021,,,,,2,"ATVK2017 Vecā versija <-> Jaunā versija, NUTS2021 Nacionālā <-> Starptautiskā, NUTS2024 Nacionālā <-> Starptautiskā"
0022450,Dvietes pagasts,01.07.2021,,,,,2,"ATVK2017 Vecā versija <-> Jaunā versija, NUTS2021 Nacionālā <-> Starptautiskā, NUTS2024 Nacionālā <-> Starptautiskā"
0022460,Eglaines pagasts,01.07.2021,,,,,2,"ATVK2017 Vecā versija <-> Jaunā versija, NUTS2021 Nacionālā <-> Starptautiskā, NUTS2024 Nacionālā <-> Starptautiskā"
0022470,Kalkūnes pagasts,01.07.2021,,,,,2,"ATVK2017 Vecā versija <-> Jaunā versija, NUTS2021 Nacionālā <-> Starptautiskā, NUTS2024 Nacionālā <-> Starptautiskā"
0022480,Kalupes pagasts,01.07.2021,,,,,2,"ATVK2017 Vecā versija <-> Jaunā versija, NUTS2021 Nacionālā <-> Starptautiskā, NUTS2024 Nacionālā <-> Starptautiskā"
0022490,Laucesas pagasts,01.07.2021,,,,,2,"ATVK2017 Vecā versija <-> Jaunā versija, NUTS2021 Nacionālā <-> Starptautiskā, NUTS2024 Nacionālā <-> Starptautiskā"
0022500,Līksnas pagasts,01.07.2021,,,,,2,"ATVK2017 Vecā versija <-> Jaunā versija, NUTS2021 Nacionālā <-> Starptautiskā, NUTS2024 Nacionālā <-> Starptautiskā"
0022510,Maļinovas pagasts,01.07.2021,,,,,2,"ATVK2017 Vecā versija <-> Jaunā versija, NUTS2021 Nacionālā <-> Starptautiskā, NUTS2024 Nacionālā <-> Starptautiskā"
0022520,Medumu pagasts,01.07.2021,,,,,2,"ATVK2017 Vecā versija <-> Jaunā versija, NUTS2021 Nacionālā <-> Starptautiskā, NUTS2024 Nacionālā <-> Starptautiskā"
0022530,Naujenes pagasts,01.07.2021,,,,,2,"ATVK2017 Vecā versija <-> Jaunā versija, NUTS2021 Nacionālā <-> Starptautiskā, NUTS2024 Nacionālā <-> Starptautiskā"
0022540,Nīcgales pagasts,01.07.2021,,,,,2,"ATVK2017 Vecā versija <-> Jaunā versija, NUTS2021 Nacionālā <-> Starptautiskā, NUTS2024 Nacionālā <-> Starptautiskā"
0022550,Pilskalnes pagasts,01.07.2021,,,,,2,"ATVK2017 Vecā versija <-> Jaunā versija, NUTS2021 Nacionālā <-> Starptautiskā, NUTS2024 Nacionālā <-> Starptautiskā"
0022560,Prodes pagasts,01.07.2021,,,,,2,"ATVK2017 Vecā versija <-> Jaunā versija, NUTS2021 Nacionālā <-> Starptautiskā, NUTS2024 Nacionālā <-> Starptautiskā"
0022570,Salienas pagasts,01.07.2021,,,,,2,"ATVK2017 Vecā versija <-> Jaunā versija, NUTS2021 Nacionālā <-> Starptautiskā, NUTS2024 Nacionālā <-> Starptautiskā"
0022580,Skrudalienas pagasts,01.07.2021,,,,,2,"ATVK2017 Vecā versija <-> Jaunā versija, NUTS2021 Nacionālā <-> Starptautiskā, NUTS2024 Nacionālā <-> Starptautiskā"
0022590,Sventes pagasts,01.07.2021,,,,,2,"ATVK2017 Vecā versija <-> Jaunā versija, NUTS2021 Nacionālā <-> Starptautiskā, NUTS2024 Nacionālā <-> Starptautiskā"
0022600,Šēderes pagasts,01.07.2021,,,,,2,"ATVK2017 Vecā versija <-> Jaunā versija, NUTS2021 Nacionālā <-> Starptautiskā, NUTS2024 Nacionālā <-> Starptautiskā"
0022610,Tabores pagasts,01.07.2021,,,,,2,"ATVK2017 Vecā versija <-> Jaunā versija, NUTS2021 Nacionālā <-> Starptautiskā, NUTS2024 Nacionālā <-> Starptautiskā"
0022620,Vaboles pagasts,01.07.2021,,,,,2,"ATVK2017 Vecā versija <-> Jaunā versija, NUTS2021 Nacionālā <-> Starptautiskā, NUTS2024 Nacionālā <-> Starptautiskā"
0022630,Vecsalienas pagasts,01.07.2021,,,,,2,"ATVK2017 Vecā versija <-> Jaunā versija, NUTS2021 Nacionālā <-> Starptautiskā, NUTS2024 Nacionālā <-> Starptautiskā"
0022640,Višķu pagasts,01.07.2021,,,,,2,"ATVK2017 Vecā versija <-> Jaunā versija, NUTS2021 Nacionālā <-> Starptautiskā, NUTS2024 Nacionālā <-> Starptautiskā"
0023000,Ādažu novads,01.07.2021,,,,,1,"NUTS2021 Nacionālā <-> Starptautiskā, NUTS2024 Nacionālā <-> Starptautiskā"
0023200,Ādaži,01.07.2022,,01.07.2022. atdala Ādažus no Ādažu pagasta,0023400,,2,"ATVK2017 Vecā versija <-> Jaunā versija, NUTS2021 Nacionālā <-> Starptautiskā, NUTS2024 Nacionālā <-> Starptautiskā"
0023401,Ādažu pagasts,01.07.2022,,01.07.2022. atdala Ādažus no Ādažu pagasta,0023400,,2,"ATVK2017 Vecā versija <-> Jaunā versija, NUTS2021 Nacionālā <-> Starptautiskā, NUTS2024 Nacionālā <-> Starptautiskā"
0023410,Carnikavas pagasts,01.07.2021,,,,,2,"ATVK2017 Vecā versija <-> Jaunā versija, NUTS2021 Nacionālā <-> Starptautiskā, NUTS2024 Nacionālā <-> Starptautiskā"
0024000,Balvu novads,01.07.2021,,,,,1,"NUTS2021 Nacionālā <-> Starptautiskā, NUTS2024 Nacionālā <-> Starptautiskā"
0024200,Balvi,01.07.2021,,,,,2,"ATVK2017 Vecā versija <-> Jaunā versija, NUTS2021 Nacionālā <-> Starptautiskā, NUTS2024 Nacionālā <-> Starptautiskā"
0024210,Viļaka,01.07.2021,,,,,2,"ATVK2017 Vecā versija <-> Jaunā versija, NUTS2021 Nacionālā <-> Starptautiskā, NUTS2024 Nacionālā <-> Starptautiskā"
0024400,Baltinavas pagasts,01.07.2021,,,,,2,"ATVK2017 Vecā versija <-> Jaunā versija, NUTS2021 Nacionālā <-> Starptautiskā, NUTS2024 Nacionālā <-> Starptautiskā"
0024410,Balvu pagasts,01.07.2021,,,,,2,"ATVK2017 Vecā versija <-> Jaunā versija, NUTS2021 Nacionālā <-> Starptautiskā, NUTS2024 Nacionālā <-> Starptautiskā"
0024420,Bērzkalnes pagasts,01.07.2021,,,,,2,"ATVK2017 Vecā versija <-> Jaunā versija, NUTS2021 Nacionālā <-> Starptautiskā, NUTS2024 Nacionālā <-> Starptautiskā"
0024430,Bērzpils pagasts,01.07.2021,,,,,2,"ATVK2017 Vecā versija <-> Jaunā versija, NUTS2021 Nacionālā <-> Starptautiskā, NUTS2024 Nacionālā <-> Starptautiskā"
0024440,Briežuciema pagasts,01.07.2021,,,,,2,"ATVK2017 Vecā versija <-> Jaunā versija, NUTS2021 Nacionālā <-> Starptautiskā, NUTS2024 Nacionālā <-> Starptautiskā"
0024450,Krišjāņu pagasts,01.07.2021,,,,,2,"ATVK2017 Vecā versija <-> Jaunā versija, NUTS2021 Nacionālā <-> Starptautiskā, NUTS2024 Nacionālā <-> Starptautiskā"
0024460,Kubulu pagasts,01.07.2021,,,,,2,"ATVK2017 Vecā versija <-> Jaunā versija, NUTS2021 Nacionālā <-> Starptautiskā, NUTS2024 Nacionālā <-> Starptautiskā"
0024470,Kupravas pagasts,01.07.2021,,,,,2,"ATVK2017 Vecā versija <-> Jaunā versija, NUTS2021 Nacionālā <-> Starptautiskā, NUTS2024 Nacionālā <-> Starptautiskā"
0024480,Lazdukalna pagasts,01.07.2021,,,,,2,"ATVK2017 Vecā versija <-> Jaunā versija, NUTS2021 Nacionālā <-> Starptautiskā, NUTS2024 Nacionālā <-> Starptautiskā"
0024490,Lazdulejas pagasts,01.07.2021,,,,,2,"ATVK2017 Vecā versija <-> Jaunā versija, NUTS2021 Nacionālā <-> Starptautiskā, NUTS2024 Nacionālā <-> Starptautiskā"
0024500,Medņevas pagasts,01.07.2021,,,,,2,"ATVK2017 Vecā versija <-> Jaunā versija, NUTS2021 Nacionālā <-> Starptautiskā, NUTS2024 Nacionālā <-> Starptautiskā"
0024510,Rugāju pagasts,01.07.2021,,,,,2,"ATVK2017 Vecā versija <-> Jaunā versija, NUTS2021 Nacionālā <-> Starptautiskā, NUTS2024 Nacionālā <-> Starptautiskā"
0024520,Susāju pagasts,01.07.2021,,,,,2,"ATVK2017 Vecā versija <-> Jaunā versija, NUTS2021 Nacionālā <-> Starptautiskā, NUTS2024 Nacionālā <-> Starptautiskā"
0024530,Šķilbēnu pagasts,01.07.2021,,,,,2,"ATVK2017 Vecā versija <-> Jaunā versija, NUTS2021 Nacionālā <-> Starptautiskā, NUTS2024 Nacionālā <-> Starptautiskā"
0024540,Tilžas pagasts,01.07.2021,,,,,2,"ATVK2017 Vecā versija <-> Jaunā versija, NUTS2021 Nacionālā <-> Starptautiskā, NUTS2024 Nacionālā <-> Starptautiskā"
0024550,Vectilžas pagasts,01.07.2021,,,,,2,"ATVK2017 Vecā versija <-> Jaunā versija, NUTS2021 Nacionālā <-> Starptautiskā, NUTS2024 Nacionālā <-> Starptautiskā"
0024560,Vecumu pagasts,01.07.2021,,,,,2,"ATVK2017 Vecā versija <-> Jaunā versija, NUTS2021 Nacionālā <-> Starptautiskā, NUTS2024 Nacionālā <-> Starptautiskā"
0024570,Vīksnas pagasts,01.07.2021,,,,,2,"ATVK2017 Vecā versija <-> Jaunā versija, NUTS2021 Nacionālā <-> Starptautiskā, NUTS2024 Nacionālā <-> Starptautiskā"
0024580,Žīguru pagasts,01.07.2021,,,,,2,"ATVK2017 Vecā versija <-> Jaunā versija, NUTS2021 Nacionālā <-> Starptautiskā, NUTS2024 Nacionālā <-> Starptautiskā"
0025000,Bauskas novads,01.07.2021,,,,,1,"NUTS2021 Nacionālā <-> Starptautiskā, NUTS2024 Nacionālā <-> Starptautiskā"
0025200,Bauska,01.07.2021,,,,,2,"ATVK2017 Vecā versija <-> Jaunā versija, NUTS2021 Nacionālā <-> Starptautiskā, NUTS2024 Nacionālā <-> Starptautiskā"
0025210,Iecava,01.07.2021,,,,,2,"ATVK2017 Vecā versija <-> Jaunā versija, NUTS2021 Nacionālā <-> Starptautiskā, NUTS2024 Nacionālā <-> Starptautiskā"
0025400,Bārbeles pagasts,01.07.2021,,,,,2,"ATVK2017 Vecā versija <-> Jaunā versija, NUTS2021 Nacionālā <-> Starptautiskā, NUTS2024 Nacionālā <-> Starptautiskā"
0025410,Brunavas pagasts,01.07.2021,,,,,2,"ATVK2017 Vecā versija <-> Jaunā versija, NUTS2021 Nacionālā <-> Starptautiskā, NUTS2024 Nacionālā <-> Starptautiskā"
0025420,Ceraukstes pagasts,01.07.2021,,,,,2,"ATVK2017 Vecā versija <-> Jaunā versija, NUTS2021 Nacionālā <-> Starptautiskā, NUTS2024 Nacionālā <-> Starptautiskā"
0025430,Codes pagasts,01.07.2021,,,,,2,"ATVK2017 Vecā versija <-> Jaunā versija, NUTS2021 Nacionālā <-> Starptautiskā, NUTS2024 Nacionālā <-> Starptautiskā"
0025440,Dāviņu pagasts,01.07.2021,,,,,2,"ATVK2017 Vecā versija <-> Jaunā versija, NUTS2021 Nacionālā <-> Starptautiskā, NUTS2024 Nacionālā <-> Starptautiskā"
0025450,Gailīšu pagasts,01.07.2021,,,,,2,"ATVK2017 Vecā versija <-> Jaunā versija, NUTS2021 Nacionālā <-> Starptautiskā, NUTS2024 Nacionālā <-> Starptautiskā"
0025460,Iecavas pagasts,01.07.2021,,,,,2,"ATVK2017 Vecā versija <-> Jaunā versija, NUTS2021 Nacionālā <-> Starptautiskā, NUTS2024 Nacionālā <-> Starptautiskā"
0025470,Īslīces pagasts,01.07.2021,,,,,2,"ATVK2017 Vecā versija <-> Jaunā versija, NUTS2021 Nacionālā <-> Starptautiskā, NUTS2024 Nacionālā <-> Starptautiskā"
0025480,Kurmenes pagasts,01.07.2021,,,,,2,"ATVK2017 Vecā versija <-> Jaunā versija, NUTS2021 Nacionālā <-> Starptautiskā, NUTS2024 Nacionālā <-> Starptautiskā"
0025490,Mežotnes pagasts,01.07.2021,,,,,2,"ATVK2017 Vecā versija <-> Jaunā versija, NUTS2021 Nacionālā <-> Starptautiskā, NUTS2024 Nacionālā <-> Starptautiskā"
0025500,Rundāles pagasts,01.07.2021,,,,,2,"ATVK2017 Vecā versija <-> Jaunā versija, NUTS2021 Nacionālā <-> Starptautiskā, NUTS2024 Nacionālā <-> Starptautiskā"
0025510,Skaistkalnes pagasts,01.07.2021,,,,,2,"ATVK2017 Vecā versija <-> Jaunā versija, NUTS2021 Nacionālā <-> Starptautiskā, NUTS2024 Nacionālā <-> Starptautiskā"
0025520,Stelpes pagasts,01.07.2021,,,,,2,"ATVK2017 Vecā versija <-> Jaunā versija, NUTS2021 Nacionālā <-> Starptautiskā, NUTS2024 Nacionālā <-> Starptautiskā"
0025530,Svitenes pagasts,01.07.2021,,,,,2,"ATVK2017 Vecā versija <-> Jaunā versija, NUTS2021 Nacionālā <-> Starptautiskā, NUTS2024 Nacionālā <-> Starptautiskā"
0025540,Valles pagasts,01.07.2021,,,,,2,"ATVK2017 Vecā versija <-> Jaunā versija, NUTS2021 Nacionālā <-> Starptautiskā, NUTS2024 Nacionālā <-> Starptautiskā"
0025550,Vecsaules pagasts,01.07.2021,,,,,2,"ATVK2017 Vecā versija <-> Jaunā versija, NUTS2021 Nacionālā <-> Starptautiskā, NUTS2024 Nacionālā <-> Starptautiskā"
0025560,Vecumnieku pagasts,01.07.2021,,,,,2,"ATVK2017 Vecā versija <-> Jaunā versija, NUTS2021 Nacionālā <-> Starptautiskā, NUTS2024 Nacionālā <-> Starptautiskā"
0025570,Viesturu pagasts,01.07.2021,,,,,2,"ATVK2017 Vecā versija <-> Jaunā versija, NUTS2021 Nacionālā <-> Starptautiskā, NUTS2024 Nacionālā <-> Starptautiskā"
0026000,Cēsu novads,01.07.2021,,,,,1,"NUTS2021 Nacionālā <-> Starptautiskā, NUTS2024 Nacionālā <-> Starptautiskā"
0026200,Cēsis,01.07.2021,,,,,2,"ATVK2017 Vecā versija <-> Jaunā versija, NUTS2021 Nacionālā <-> Starptautiskā, NUTS2024 Nacionālā <-> Starptautiskā"
0026210,Līgatne,01.07.2021,,,,,2,"ATVK2017 Vecā versija <-> Jaunā versija, NUTS2021 Nacionālā <-> Starptautiskā, NUTS2024 Nacionālā <-> Starptautiskā"
0026400,Amatas pagasts,01.07.2021,,,,,2,"ATVK2017 Vecā versija <-> Jaunā versija, NUTS2021 Nacionālā <-> Starptautiskā, NUTS2024 Nacionālā <-> Starptautiskā"
0026410,Drabešu pagasts,01.07.2021,,,,,2,"ATVK2017 Vecā versija <-> Jaunā versija, NUTS2021 Nacionālā <-> Starptautiskā, NUTS2024 Nacionālā <-> Starptautiskā"
0026420,Dzērbenes pagasts,01.07.2021,,,,,2,"ATVK2017 Vecā versija <-> Jaunā versija, NUTS2021 Nacionālā <-> Starptautiskā, NUTS2024 Nacionālā <-> Starptautiskā"
0026430,Inešu pagasts,01.07.2021,,,,,2,"ATVK2017 Vecā versija <-> Jaunā versija, NUTS2021 Nacionālā <-> Starptautiskā, NUTS2024 Nacionālā <-> Starptautiskā"
0026440,Jaunpiebalgas pagasts,01.07.2021,,,,,2,"ATVK2017 Vecā versija <-> Jaunā versija, NUTS2021 Nacionālā <-> Starptautiskā, NUTS2024 Nacionālā <-> Starptautiskā"
0026450,Kaives pagasts,01.07.2021,,,,,2,"ATVK2017 Vecā versija <-> Jaunā versija, NUTS2021 Nacionālā <-> Starptautiskā, NUTS2024 Nacionālā <-> Starptautiskā"
0026460,Liepas pagasts,01.07.2021,,,,,2,"ATVK2017 Vecā versija <-> Jaunā versija, NUTS2021 Nacionālā <-> Starptautiskā, NUTS2024 Nacionālā <-> Starptautiskā"
0026470,Līgatnes pagasts,01.07.2021,,,,,2,"ATVK2017 Vecā versija <-> Jaunā versija, NUTS2021 Nacionālā <-> Starptautiskā, NUTS2024 Nacionālā <-> Starptautiskā"
0026480,Mārsnēnu pagasts,01.07.2021,,,,,2,"ATVK2017 Vecā versija <-> Jaunā versija, NUTS2021 Nacionālā <-> Starptautiskā, NUTS2024 Nacionālā <-> Starptautiskā"
0026490,Nītaures pagasts,01.07.2021,,,,,2,"ATVK2017 Vecā versija <-> Jaunā versija, NUTS2021 Nacionālā <-> Starptautiskā, NUTS2024 Nacionālā <-> Starptautiskā"
0026500,Priekuļu pagasts,01.07.2021,,,,,2,"ATVK2017 Vecā versija <-> Jaunā versija, NUTS2021 Nacionālā <-> Starptautiskā, NUTS2024 Nacionālā <-> Starptautiskā"
0026510,Raiskuma pagasts,01.07.2021,,,,,2,"ATVK2017 Vecā versija <-> Jaunā versija, NUTS2021 Nacionālā <-> Starptautiskā, NUTS2024 Nacionālā <-> Starptautiskā"
0026520,Skujenes pagasts,01.07.2021,,,,,2,"ATVK2017 Vecā versija <-> Jaunā versija, NUTS2021 Nacionālā <-> Starptautiskā, NUTS2024 Nacionālā <-> Starptautiskā"
0026530,Stalbes pagasts,01.07.2021,,,,,2,"ATVK2017 Vecā versija <-> Jaunā versija, NUTS2021 Nacionālā <-> Starptautiskā, NUTS2024 Nacionālā <-> Starptautiskā"
0026540,Straupes pagasts,01.07.2021,,,,,2,"ATVK2017 Vecā versija <-> Jaunā versija, NUTS2021 Nacionālā <-> Starptautiskā, NUTS2024 Nacionālā <-> Starptautiskā"
0026550,Taurenes pagasts,01.07.2021,,,,,2,"ATVK2017 Vecā versija <-> Jaunā versija, NUTS2021 Nacionālā <-> Starptautiskā, NUTS2024 Nacionālā <-> Starptautiskā"
0026560,Vaives pagasts,01.07.2021,,,,,2,"ATVK2017 Vecā versija <-> Jaunā versija, NUTS2021 Nacionālā <-> Starptautiskā, NUTS2024 Nacionālā <-> Starptautiskā"
0026570,Vecpiebalgas pagasts,01.07.2021,,,,,2,"ATVK2017 Vecā versija <-> Jaunā versija, NUTS2021 Nacionālā <-> Starptautiskā, NUTS2024 Nacionālā <-> Starptautiskā"
0026580,Veselavas pagasts,01.07.2021,,,,,2,"ATVK2017 Vecā versija <-> Jaunā versija, NUTS2021 Nacionālā <-> Starptautiskā, NUTS2024 Nacionālā <-> Starptautiskā"
0026590,Zaubes pagasts,01.07.2021,,,,,2,"ATVK2017 Vecā versija <-> Jaunā versija, NUTS2021 Nacionālā <-> Starptautiskā, NUTS2024 Nacionālā <-> Starptautiskā"
0026600,Zosēnu pagasts,01.07.2021,,,,,2,"ATVK2017 Vecā versija <-> Jaunā versija, NUTS2021 Nacionālā <-> Starptautiskā, NUTS2024 Nacionālā <-> Starptautiskā"
0027000,Dienvidkurzemes novads,01.07.2021,,,,,1,"NUTS2021 Nacionālā <-> Starptautiskā, NUTS2024 Nacionālā <-> Starptautiskā"
0027200,Aizpute,01.07.2021,,,,,2,"ATVK2017 Vecā versija <-> Jaunā versija, NUTS2021 Nacionālā <-> Starptautiskā, NUTS2024 Nacionālā <-> Starptautiskā"
0027210,Durbe,01.07.2021,,,,,2,"ATVK2017 Vecā versija <-> Jaunā versija, NUTS2021 Nacionālā <-> Starptautiskā, NUTS2024 Nacionālā <-> Starptautiskā"
0027220,Grobiņa,01.07.2021,,,,,2,"ATVK2017 Vecā versija <-> Jaunā versija, NUTS2021 Nacionālā <-> Starptautiskā, NUTS2024 Nacionālā <-> Starptautiskā"
0027230,Pāvilosta,01.07.2021,,,,,2,"ATVK2017 Vecā versija <-> Jaunā versija, NUTS2021 Nacionālā <-> Starptautiskā, NUTS2024 Nacionālā <-> Starptautiskā"
0027240,Priekule,01.07.2021,,,,,2,"ATVK2017 Vecā versija <-> Jaunā versija, NUTS2021 Nacionālā <-> Starptautiskā, NUTS2024 Nacionālā <-> Starptautiskā"
0027400,Aizputes pagasts,01.07.2021,,,,,2,"ATVK2017 Vecā versija <-> Jaunā versija, NUTS2021 Nacionālā <-> Starptautiskā, NUTS2024 Nacionālā <-> Starptautiskā"
0027410,Bārtas pagasts,01.07.2021,,,,,2,"ATVK2017 Vecā versija <-> Jaunā versija, NUTS2021 Nacionālā <-> Starptautiskā, NUTS2024 Nacionālā <-> Starptautiskā"
0027420,Bunkas pagasts,01.07.2021,,,,,2,"ATVK2017 Vecā versija <-> Jaunā versija, NUTS2021 Nacionālā <-> Starptautiskā, NUTS2024 Nacionālā <-> Starptautiskā"
0027430,Cīravas pagasts,01.07.2021,,,,,2,"ATVK2017 Vecā versija <-> Jaunā versija, NUTS2021 Nacionālā <-> Starptautiskā, NUTS2024 Nacionālā <-> Starptautiskā"
0027440,Dunalkas pagasts,01.07.2021,,,,,2,"ATVK2017 Vecā versija <-> Jaunā versija, NUTS2021 Nacionālā <-> Starptautiskā, NUTS2024 Nacionālā <-> Starptautiskā"
0027450,Dunikas pagasts,01.07.2021,,,,,2,"ATVK2017 Vecā versija <-> Jaunā versija, NUTS2021 Nacionālā <-> Starptautiskā, NUTS2024 Nacionālā <-> Starptautiskā"
0027460,Durbes pagasts,01.07.2021,,,,,2,"ATVK2017 Vecā versija <-> Jaunā versija, NUTS2021 Nacionālā <-> Starptautiskā, NUTS2024 Nacionālā <-> Starptautiskā"
0027470,Embūtes pagasts,01.07.2021,,,,,2,"ATVK2017 Vecā versija <-> Jaunā versija, NUTS2021 Nacionālā <-> Starptautiskā, NUTS2024 Nacionālā <-> Starptautiskā"
0027480,Gaviezes pagasts,01.07.2021,,,,,2,"ATVK2017 Vecā versija <-> Jaunā versija, NUTS2021 Nacionālā <-> Starptautiskā, NUTS2024 Nacionālā <-> Starptautiskā"
0027490,Gramzdas pagasts,01.07.2021,,,,,2,"ATVK2017 Vecā versija <-> Jaunā versija, NUTS2021 Nacionālā <-> Starptautiskā, NUTS2024 Nacionālā <-> Starptautiskā"
0027500,Grobiņas pagasts,01.07.2021,,,,,2,"ATVK2017 Vecā versija <-> Jaunā versija, NUTS2021 Nacionālā <-> Starptautiskā, NUTS2024 Nacionālā <-> Starptautiskā"
0027510,Kalētu pagasts,01.07.2021,,,,,2,"ATVK2017 Vecā versija <-> Jaunā versija, NUTS2021 Nacionālā <-> Starptautiskā, NUTS2024 Nacionālā <-> Starptautiskā"
0027520,Kalvenes pagasts,01.07.2021,,,,,2,"ATVK2017 Vecā versija <-> Jaunā versija, NUTS2021 Nacionālā <-> Starptautiskā, NUTS2024 Nacionālā <-> Starptautiskā"
0027530,Kazdangas pagasts,01.07.2021,,,,,2,"ATVK2017 Vecā versija <-> Jaunā versija, NUTS2021 Nacionālā <-> Starptautiskā, NUTS2024 Nacionālā <-> Starptautiskā"
0027540,Lažas pagasts,01.07.2021,,,,,2,"ATVK2017 Vecā versija <-> Jaunā versija, NUTS2021 Nacionālā <-> Starptautiskā, NUTS2024 Nacionālā <-> Starptautiskā"
0027550,Medzes pagasts,01.07.2021,,,,,2,"ATVK2017 Vecā versija <-> Jaunā versija, NUTS2021 Nacionālā <-> Starptautiskā, NUTS2024 Nacionālā <-> Starptautiskā"
0027560,Nīcas pagasts,01.07.2021,,,,,2,"ATVK2017 Vecā versija <-> Jaunā versija, NUTS2021 Nacionālā <-> Starptautiskā, NUTS2024 Nacionālā <-> Starptautiskā"
0027570,Otaņķu pagasts,01.07.2021,,,,,2,"ATVK2017 Vecā versija <-> Jaunā versija, NUTS2021 Nacionālā <-> Starptautiskā, NUTS2024 Nacionālā <-> Starptautiskā"
0027580,Priekules pagasts,01.07.2021,,,,,2,"ATVK2017 Vecā versija <-> Jaunā versija, NUTS2021 Nacionālā <-> Starptautiskā, NUTS2024 Nacionālā <-> Starptautiskā"
0027590,Rucavas pagasts,01.07.2021,,,,,2,"ATVK2017 Vecā versija <-> Jaunā versija, NUTS2021 Nacionālā <-> Starptautiskā, NUTS2024 Nacionālā <-> Starptautiskā"
0027600,Sakas pagasts,01.07.2021,,,,,2,"ATVK2017 Vecā versija <-> Jaunā versija, NUTS2021 Nacionālā <-> Starptautiskā, NUTS2024 Nacionālā <-> Starptautiskā"
0027610,Tadaiķu pagasts,01.07.2021,,,,,2,"ATVK2017 Vecā versija <-> Jaunā versija, NUTS2021 Nacionālā <-> Starptautiskā, NUTS2024 Nacionālā <-> Starptautiskā"
0027620,Vaiņodes pagasts,01.07.2021,,,,,2,"ATVK2017 Vecā versija <-> Jaunā versija, NUTS2021 Nacionālā <-> Starptautiskā, NUTS2024 Nacionālā <-> Starptautiskā"
0027630,Vecpils pagasts,01.07.2021,,,,,2,"ATVK2017 Vecā versija <-> Jaunā versija, NUTS2021 Nacionālā <-> Starptautiskā, NUTS2024 Nacionālā <-> Starptautiskā"
0027640,Vērgales pagasts,01.07.2021,,,,,2,"ATVK2017 Vecā versija <-> Jaunā versija, NUTS2021 Nacionālā <-> Starptautiskā, NUTS2024 Nacionālā <-> Starptautiskā"
0027650,Virgas pagasts,01.07.2021,,,,,2,"ATVK2017 Vecā versija <-> Jaunā versija, NUTS2021 Nacionālā <-> Starptautiskā, NUTS2024 Nacionālā <-> Starptautiskā"
0028000,Dobeles novads,01.07.2021,,,,,1,"NUTS2021 Nacionālā <-> Starptautiskā, NUTS2024 Nacionālā <-> Starptautiskā"
0028200,Auce,01.07.2021,,,,,2,"ATVK2017 Vecā versija <-> Jaunā versija, NUTS2021 Nacionālā <-> Starptautiskā, NUTS2024 Nacionālā <-> Starptautiskā"
0028210,Dobele,01.07.2021,,,,,2,"ATVK2017 Vecā versija <-> Jaunā versija, NUTS2021 Nacionālā <-> Starptautiskā, NUTS2024 Nacionālā <-> Starptautiskā"
0028400,Annenieku pagasts,01.07.2021,,,,,2,"ATVK2017 Vecā versija <-> Jaunā versija, NUTS2021 Nacionālā <-> Starptautiskā, NUTS2024 Nacionālā <-> Starptautiskā"
0028410,Augstkalnes pagasts,01.07.2021,,,,,2,"ATVK2017 Vecā versija <-> Jaunā versija, NUTS2021 Nacionālā <-> Starptautiskā, NUTS2024 Nacionālā <-> Starptautiskā"
0028420,Auru pagasts,01.07.2021,,,,,2,"ATVK2017 Vecā versija <-> Jaunā versija, NUTS2021 Nacionālā <-> Starptautiskā, NUTS2024 Nacionālā <-> Starptautiskā"
0028430,Bēnes pagasts,01.07.2021,,,,,2,"ATVK2017 Vecā versija <-> Jaunā versija, NUTS2021 Nacionālā <-> Starptautiskā, NUTS2024 Nacionālā <-> Starptautiskā"
0028440,Bērzes pagasts,01.07.2021,,,,,2,"ATVK2017 Vecā versija <-> Jaunā versija, NUTS2021 Nacionālā <-> Starptautiskā, NUTS2024 Nacionālā <-> Starptautiskā"
0028450,Bikstu pagasts,01.07.2021,,,,,2,"ATVK2017 Vecā versija <-> Jaunā versija, NUTS2021 Nacionālā <-> Starptautiskā, NUTS2024 Nacionālā <-> Starptautiskā"
0028460,Bukaišu pagasts,01.07.2021,,,,,2,"ATVK2017 Vecā versija <-> Jaunā versija, NUTS2021 Nacionālā <-> Starptautiskā, NUTS2024 Nacionālā <-> Starptautiskā"
0028470,Dobeles pagasts,01.07.2021,,,,,2,"ATVK2017 Vecā versija <-> Jaunā versija, NUTS2021 Nacionālā <-> Starptautiskā, NUTS2024 Nacionālā <-> Starptautiskā"
0028480,Īles pagasts,01.07.2021,,,,,2,"ATVK2017 Vecā versija <-> Jaunā versija, NUTS2021 Nacionālā <-> Starptautiskā, NUTS2024 Nacionālā <-> Starptautiskā"
0028490,Jaunbērzes pagasts,01.07.2021,,,,,2,"ATVK2017 Vecā versija <-> Jaunā versija, NUTS2021 Nacionālā <-> Starptautiskā, NUTS2024 Nacionālā <-> Starptautiskā"
0028500,Krimūnu pagasts,01.07.2021,,,,,2,"ATVK2017 Vecā versija <-> Jaunā versija, NUTS2021 Nacionālā <-> Starptautiskā, NUTS2024 Nacionālā <-> Starptautiskā"
0028510,Lielauces pagasts,01.07.2021,,,,,2,"ATVK2017 Vecā versija <-> Jaunā versija, NUTS2021 Nacionālā <-> Starptautiskā, NUTS2024 Nacionālā <-> Starptautiskā"
0028520,Naudītes pagasts,01.07.2021,,,,,2,"ATVK2017 Vecā versija <-> Jaunā versija, NUTS2021 Nacionālā <-> Starptautiskā, NUTS2024 Nacionālā <-> Starptautiskā"
0028530,Penkules pagasts,01.07.2021,,,,,2,"ATVK2017 Vecā versija <-> Jaunā versija, NUTS2021 Nacionālā <-> Starptautiskā, NUTS2024 Nacionālā <-> Starptautiskā"
0028540,Tērvetes pagasts,01.07.2021,,,,,2,"ATVK2017 Vecā versija <-> Jaunā versija, NUTS2021 Nacionālā <-> Starptautiskā, NUTS2024 Nacionālā <-> Starptautiskā"
0028550,Ukru pagasts,01.07.2021,,,,,2,"ATVK2017 Vecā versija <-> Jaunā versija, NUTS2021 Nacionālā <-> Starptautiskā, NUTS2024 Nacionālā <-> Starptautiskā"
0028560,Vecauces pagasts,01.07.2021,,,,,2,"ATVK2017 Vecā versija <-> Jaunā versija, NUTS2021 Nacionālā <-> Starptautiskā, NUTS2024 Nacionālā <-> Starptautiskā"
0028570,Vītiņu pagasts,01.07.2021,,,,,2,"ATVK2017 Vecā versija <-> Jaunā versija, NUTS2021 Nacionālā <-> Starptautiskā, NUTS2024 Nacionālā <-> Starptautiskā"
0028580,Zebrenes pagasts,01.07.2021,,,,,2,"ATVK2017 Vecā versija <-> Jaunā versija, NUTS2021 Nacionālā <-> Starptautiskā, NUTS2024 Nacionālā <-> Starptautiskā"
0029000,Gulbenes novads,01.07.2021,,,,,1,"NUTS2021 Nacionālā <-> Starptautiskā, NUTS2024 Nacionālā <-> Starptautiskā"
0029200,Gulbene,01.07.2021,,,,,2,"ATVK2017 Vecā versija <-> Jaunā versija, NUTS2021 Nacionālā <-> Starptautiskā, NUTS2024 Nacionālā <-> Starptautiskā"
0029400,Beļavas pagasts,01.07.2021,,,,,2,"ATVK2017 Vecā versija <-> Jaunā versija, NUTS2021 Nacionālā <-> Starptautiskā, NUTS2024 Nacionālā <-> Starptautiskā"
0029410,Daukstu pagasts,01.07.2021,,,,,2,"ATVK2017 Vecā versija <-> Jaunā versija, NUTS2021 Nacionālā <-> Starptautiskā, NUTS2024 Nacionālā <-> Starptautiskā"
0029420,Druvienas pagasts,01.07.2021,,,,,2,"ATVK2017 Vecā versija <-> Jaunā versija, NUTS2021 Nacionālā <-> Starptautiskā, NUTS2024 Nacionālā <-> Starptautiskā"
0029430,Galgauskas pagasts,01.07.2021,,,,,2,"ATVK2017 Vecā versija <-> Jaunā versija, NUTS2021 Nacionālā <-> Starptautiskā, NUTS2024 Nacionālā <-> Starptautiskā"
0029440,Jaungulbenes pagasts,01.07.2021,,,,,2,"ATVK2017 Vecā versija <-> Jaunā versija, NUTS2021 Nacionālā <-> Starptautiskā, NUTS2024 Nacionālā <-> Starptautiskā"
0029450,Lejasciema pagasts,01.07.2021,,,,,2,"ATVK2017 Vecā versija <-> Jaunā versija, NUTS2021 Nacionālā <-> Starptautiskā, NUTS2024 Nacionālā <-> Starptautiskā"
0029460,Litenes pagasts,01.07.2021,,,,,2,"ATVK2017 Vecā versija <-> Jaunā versija, NUTS2021 Nacionālā <-> Starptautiskā, NUTS2024 Nacionālā <-> Starptautiskā"
0029470,Lizuma pagasts,01.07.2021,,,,,2,"ATVK2017 Vecā versija <-> Jaunā versija, NUTS2021 Nacionālā <-> Starptautiskā, NUTS2024 Nacionālā <-> Starptautiskā"
0029480,Līgo pagasts,01.07.2021,,,,,2,"ATVK2017 Vecā versija <-> Jaunā versija, NUTS2021 Nacionālā <-> Starptautiskā, NUTS2024 Nacionālā <-> Starptautiskā"
0029490,Rankas pagasts,01.07.2021,,,,,2,"ATVK2017 Vecā versija <-> Jaunā versija, NUTS2021 Nacionālā <-> Starptautiskā, NUTS2024 Nacionālā <-> Starptautiskā"
0029500,Stāmerienas pagasts,01.07.2021,,,,,2,"ATVK2017 Vecā versija <-> Jaunā versija, NUTS2021 Nacionālā <-> Starptautiskā, NUTS2024 Nacionālā <-> Starptautiskā"
0029510,Stradu pagasts,01.07.2021,,,,,2,"ATVK2017 Vecā versija <-> Jaunā versija, NUTS2021 Nacionālā <-> Starptautiskā, NUTS2024 Nacionālā <-> Starptautiskā"
0029520,Tirzas pagasts,01.07.2021,,,,,2,"ATVK2017 Vecā versija <-> Jaunā versija, NUTS2021 Nacionālā <-> Starptautiskā, NUTS2024 Nacionālā <-> Starptautiskā"
0030000,Jelgavas novads,01.07.2021,,,,,1,"NUTS2021 Nacionālā <-> Starptautiskā, NUTS2024 Nacionālā <-> Starptautiskā"
0030400,Cenu pagasts,01.07.2021,,,,,2,"ATVK2017 Vecā versija <-> Jaunā versija, NUTS2021 Nacionālā <-> Starptautiskā, NUTS2024 Nacionālā <-> Starptautiskā"
0030410,Elejas pagasts,01.07.2021,,,,,2,"ATVK2017 Vecā versija <-> Jaunā versija, NUTS2021 Nacionālā <-> Starptautiskā, NUTS2024 Nacionālā <-> Starptautiskā"
0030420,Glūdas pagasts,01.07.2021,,,,,2,"ATVK2017 Vecā versija <-> Jaunā versija, NUTS2021 Nacionālā <-> Starptautiskā, NUTS2024 Nacionālā <-> Starptautiskā"
0030430,Jaunsvirlaukas pagasts,01.07.2021,,,,,2,"ATVK2017 Vecā versija <-> Jaunā versija, NUTS2021 Nacionālā <-> Starptautiskā, NUTS2024 Nacionālā <-> Starptautiskā"
0030440,Kalnciema pagasts,01.07.2021,,,,,2,"ATVK2017 Vecā versija <-> Jaunā versija, NUTS2021 Nacionālā <-> Starptautiskā, NUTS2024 Nacionālā <-> Starptautiskā"
0030450,Lielplatones pagasts,01.07.2021,,,,,2,"ATVK2017 Vecā versija <-> Jaunā versija, NUTS2021 Nacionālā <-> Starptautiskā, NUTS2024 Nacionālā <-> Starptautiskā"
0030460,Līvbērzes pagasts,01.07.2021,,,,,2,"ATVK2017 Vecā versija <-> Jaunā versija, NUTS2021 Nacionālā <-> Starptautiskā, NUTS2024 Nacionālā <-> Starptautiskā"
0030470,Ozolnieku pagasts,01.07.2021,,,,,2,"ATVK2017 Vecā versija <-> Jaunā versija, NUTS2021 Nacionālā <-> Starptautiskā, NUTS2024 Nacionālā <-> Starptautiskā"
0030480,Platones pagasts,01.07.2021,,,,,2,"ATVK2017 Vecā versija <-> Jaunā versija, NUTS2021 Nacionālā <-> Starptautiskā, NUTS2024 Nacionālā <-> Starptautiskā"
0030490,Salgales pagasts,01.07.2021,,,,,2,"ATVK2017 Vecā versija <-> Jaunā versija, NUTS2021 Nacionālā <-> Starptautiskā, NUTS2024 Nacionālā <-> Starptautiskā"
0030500,Sesavas pagasts,01.07.2021,,,,,2,"ATVK2017 Vecā versija <-> Jaunā versija, NUTS2021 Nacionālā <-> Starptautiskā, NUTS2024 Nacionālā <-> Starptautiskā"
0030510,Svētes pagasts,01.07.2021,,,,,2,"ATVK2017 Vecā versija <-> Jaunā versija, NUTS2021 Nacionālā <-> Starptautiskā, NUTS2024 Nacionālā <-> Starptautiskā"
0030520,Valgundes pagasts,01.07.2021,,,,,2,"ATVK2017 Vecā versija <-> Jaunā versija, NUTS2021 Nacionālā <-> Starptautiskā, NUTS2024 Nacionālā <-> Starptautiskā"
0030530,Vilces pagasts,01.07.2021,,,,,2,"ATVK2017 Vecā versija <-> Jaunā versija, NUTS2021 Nacionālā <-> Starptautiskā, NUTS2024 Nacionālā <-> Starptautiskā"
0030540,Vircavas pagasts,01.07.2021,,,,,2,"ATVK2017 Vecā versija <-> Jaunā versija, NUTS2021 Nacionālā <-> Starptautiskā, NUTS2024 Nacionālā <-> Starptautiskā"
0030550,Zaļenieku pagasts,01.07.2021,,,,,2,"ATVK2017 Vecā versija <-> Jaunā versija, NUTS2021 Nacionālā <-> Starptautiskā, NUTS2024 Nacionālā <-> Starptautiskā"
0031000,Jēkabpils novads,01.07.2021,,,,,1,"NUTS2021 Nacionālā <-> Starptautiskā, NUTS2024 Nacionālā <-> Starptautiskā"
0031010,Jēkabpils,01.07.2021,,,,,2,"ATVK2017 Vecā versija <-> Jaunā versija, NUTS2021 Nacionālā <-> Starptautiskā, NUTS2024 Nacionālā <-> Starptautiskā"
0031200,Aknīste,01.07.2021,,,,,2,"ATVK2017 Vecā versija <-> Jaunā versija, NUTS2021 Nacionālā <-> Starptautiskā, NUTS2024 Nacionālā <-> Starptautiskā"
0031210,Viesīte,01.07.2021,,,,,2,"ATVK2017 Vecā versija <-> Jaunā versija, NUTS2021 Nacionālā <-> Starptautiskā, NUTS2024 Nacionālā <-> Starptautiskā"
0031400,Aknīstes pagasts,01.07.2021,,,,,2,"ATVK2017 Vecā versija <-> Jaunā versija, NUTS2021 Nacionālā <-> Starptautiskā, NUTS2024 Nacionālā <-> Starptautiskā"
0031410,Asares pagasts,01.07.2021,,,,,2,"ATVK2017 Vecā versija <-> Jaunā versija, NUTS2021 Nacionālā <-> Starptautiskā, NUTS2024 Nacionālā <-> Starptautiskā"
0031420,Atašienes pagasts,01.07.2021,,,,,2,"ATVK2017 Vecā versija <-> Jaunā versija, NUTS2021 Nacionālā <-> Starptautiskā, NUTS2024 Nacionālā <-> Starptautiskā"
0031430,Ābeļu pagasts,01.07.2021,,,,,2,"ATVK2017 Vecā versija <-> Jaunā versija, NUTS2021 Nacionālā <-> Starptautiskā, NUTS2024 Nacionālā <-> Starptautiskā"
0031440,Dignājas pagasts,01.07.2021,,,,,2,"ATVK2017 Vecā versija <-> Jaunā versija, NUTS2021 Nacionālā <-> Starptautiskā, NUTS2024 Nacionālā <-> Starptautiskā"
0031450,Dunavas pagasts,01.07.2021,,,,,2,"ATVK2017 Vecā versija <-> Jaunā versija, NUTS2021 Nacionālā <-> Starptautiskā, NUTS2024 Nacionālā <-> Starptautiskā"
0031460,Elkšņu pagasts,01.07.2021,,,,,2,"ATVK2017 Vecā versija <-> Jaunā versija, NUTS2021 Nacionālā <-> Starptautiskā, NUTS2024 Nacionālā <-> Starptautiskā"
0031470,Gārsenes pagasts,01.07.2021,,,,,2,"ATVK2017 Vecā versija <-> Jaunā versija, NUTS2021 Nacionālā <-> Starptautiskā, NUTS2024 Nacionālā <-> Starptautiskā"
0031480,Kalna pagasts,01.07.2021,,,,,2,"ATVK2017 Vecā versija <-> Jaunā versija, NUTS2021 Nacionālā <-> Starptautiskā, NUTS2024 Nacionālā <-> Starptautiskā"
0031490,Krustpils pagasts,01.07.2021,,,,,2,"ATVK2017 Vecā versija <-> Jaunā versija, NUTS2021 Nacionālā <-> Starptautiskā, NUTS2024 Nacionālā <-> Starptautiskā"
0031500,Kūku pagasts,01.07.2021,,,,,2,"ATVK2017 Vecā versija <-> Jaunā versija, NUTS2021 Nacionālā <-> Starptautiskā, NUTS2024 Nacionālā <-> Starptautiskā"
0031510,Leimaņu pagasts,01.07.2021,,,,,2,"ATVK2017 Vecā versija <-> Jaunā versija, NUTS2021 Nacionālā <-> Starptautiskā, NUTS2024 Nacionālā <-> Starptautiskā"
0031520,Mežāres pagasts,01.07.2021,,,,,2,"ATVK2017 Vecā versija <-> Jaunā versija, NUTS2021 Nacionālā <-> Starptautiskā, NUTS2024 Nacionālā <-> Starptautiskā"
0031530,Rites pagasts,01.07.2021,,,,,2,"ATVK2017 Vecā versija <-> Jaunā versija, NUTS2021 Nacionālā <-> Starptautiskā, NUTS2024 Nacionālā <-> Starptautiskā"
0031540,Rubenes pagasts,01.07.2021,,,,,2,"ATVK2017 Vecā versija <-> Jaunā versija, NUTS2021 Nacionālā <-> Starptautiskā, NUTS2024 Nacionālā <-> Starptautiskā"
0031550,Salas pagasts,01.07.2021,,,,,2,"ATVK2017 Vecā versija <-> Jaunā versija, NUTS2021 Nacionālā <-> Starptautiskā, NUTS2024 Nacionālā <-> Starptautiskā"
0031560,Saukas pagasts,01.07.2021,,,,,2,"ATVK2017 Vecā versija <-> Jaunā versija, NUTS2021 Nacionālā <-> Starptautiskā, NUTS2024 Nacionālā <-> Starptautiskā"
0031570,Sēlpils pagasts,01.07.2021,,,,,2,"ATVK2017 Vecā versija <-> Jaunā versija, NUTS2021 Nacionālā <-> Starptautiskā, NUTS2024 Nacionālā <-> Starptautiskā"
0031580,Variešu pagasts,01.07.2021,,,,,2,"ATVK2017 Vecā versija <-> Jaunā versija, NUTS2021 Nacionālā <-> Starptautiskā, NUTS2024 Nacionālā <-> Starptautiskā"
0031590,Viesītes pagasts,01.07.2021,,,,,2,"ATVK2017 Vecā versija <-> Jaunā versija, NUTS2021 Nacionālā <-> Starptautiskā, NUTS2024 Nacionālā <-> Starptautiskā"
0031600,Vīpes pagasts,01.07.2021,,,,,2,"ATVK2017 Vecā versija <-> Jaunā versija, NUTS2021 Nacionālā <-> Starptautiskā, NUTS2024 Nacionālā <-> Starptautiskā"
0031610,Zasas pagasts,01.07.2021,,,,,2,"ATVK2017 Vecā versija <-> Jaunā versija, NUTS2021 Nacionālā <-> Starptautiskā, NUTS2024 Nacionālā <-> Starptautiskā"
0032000,Krāslavas novads,01.07.2021,,,,,1,"NUTS2021 Nacionālā <-> Starptautiskā, NUTS2024 Nacionālā <-> Starptautiskā"
0032200,Dagda,01.07.2021,,,,,2,"ATVK2017 Vecā versija <-> Jaunā versija, NUTS2021 Nacionālā <-> Starptautiskā, NUTS2024 Nacionālā <-> Starptautiskā"
0032210,Krāslava,01.07.2021,,,,,2,"ATVK2017 Vecā versija <-> Jaunā versija, NUTS2021 Nacionālā <-> Starptautiskā, NUTS2024 Nacionālā <-> Starptautiskā"
0032400,Andrupenes pagasts,01.07.2021,,,,,2,"ATVK2017 Vecā versija <-> Jaunā versija, NUTS2021 Nacionālā <-> Starptautiskā, NUTS2024 Nacionālā <-> Starptautiskā"
0032410,Andzeļu pagasts,01.07.2021,,,,,2,"ATVK2017 Vecā versija <-> Jaunā versija, NUTS2021 Nacionālā <-> Starptautiskā, NUTS2024 Nacionālā <-> Starptautiskā"
0032420,Asūnes pagasts,01.07.2021,,,,,2,"ATVK2017 Vecā versija <-> Jaunā versija, NUTS2021 Nacionālā <-> Starptautiskā, NUTS2024 Nacionālā <-> Starptautiskā"
0032430,Aulejas pagasts,01.07.2021,,,,,2,"ATVK2017 Vecā versija <-> Jaunā versija, NUTS2021 Nacionālā <-> Starptautiskā, NUTS2024 Nacionālā <-> Starptautiskā"
0032440,Bērziņu pagasts,01.07.2021,,,,,2,"ATVK2017 Vecā versija <-> Jaunā versija, NUTS2021 Nacionālā <-> Starptautiskā, NUTS2024 Nacionālā <-> Starptautiskā"
0032450,Dagdas pagasts,01.07.2021,,,,,2,"ATVK2017 Vecā versija <-> Jaunā versija, NUTS2021 Nacionālā <-> Starptautiskā, NUTS2024 Nacionālā <-> Starptautiskā"
0032460,Ezernieku pagasts,01.07.2021,,,,,2,"ATVK2017 Vecā versija <-> Jaunā versija, NUTS2021 Nacionālā <-> Starptautiskā, NUTS2024 Nacionālā <-> Starptautiskā"
0032470,Grāveru pagasts,01.07.2021,,,,,2,"ATVK2017 Vecā versija <-> Jaunā versija, NUTS2021 Nacionālā <-> Starptautiskā, NUTS2024 Nacionālā <-> Starptautiskā"
0032480,Indras pagasts,01.07.2021,,,,,2,"ATVK2017 Vecā versija <-> Jaunā versija, NUTS2021 Nacionālā <-> Starptautiskā, NUTS2024 Nacionālā <-> Starptautiskā"
0032490,Izvaltas pagasts,01.07.2021,,,,,2,"ATVK2017 Vecā versija <-> Jaunā versija, NUTS2021 Nacionālā <-> Starptautiskā, NUTS2024 Nacionālā <-> Starptautiskā"
0032500,Kalniešu pagasts,01.07.2021,,,,,2,"ATVK2017 Vecā versija <-> Jaunā versija, NUTS2021 Nacionālā <-> Starptautiskā, NUTS2024 Nacionālā <-> Starptautiskā"
0032510,Kaplavas pagasts,01.07.2021,,,,,2,"ATVK2017 Vecā versija <-> Jaunā versija, NUTS2021 Nacionālā <-> Starptautiskā, NUTS2024 Nacionālā <-> Starptautiskā"
0032520,Kastuļinas pagasts,01.07.2021,,,,,2,"ATVK2017 Vecā versija <-> Jaunā versija, NUTS2021 Nacionālā <-> Starptautiskā, NUTS2024 Nacionālā <-> Starptautiskā"
0032530,Kombuļu pagasts,01.07.2021,,,,,2,"ATVK2017 Vecā versija <-> Jaunā versija, NUTS2021 Nacionālā <-> Starptautiskā, NUTS2024 Nacionālā <-> Starptautiskā"
0032540,Konstantinovas pagasts,01.07.2021,,,,,2,"ATVK2017 Vecā versija <-> Jaunā versija, NUTS2021 Nacionālā <-> Starptautiskā, NUTS2024 Nacionālā <-> Starptautiskā"
0032550,Krāslavas pagasts,01.07.2021,,,,,2,"ATVK2017 Vecā versija <-> Jaunā versija, NUTS2021 Nacionālā <-> Starptautiskā, NUTS2024 Nacionālā <-> Starptautiskā"
0032560,Ķepovas pagasts,01.07.2021,,,,,2,"ATVK2017 Vecā versija <-> Jaunā versija, NUTS2021 Nacionālā <-> Starptautiskā, NUTS2024 Nacionālā <-> Starptautiskā"
0032570,Piedrujas pagasts,01.07.2021,,,,,2,"ATVK2017 Vecā versija <-> Jaunā versija, NUTS2021 Nacionālā <-> Starptautiskā, NUTS2024 Nacionālā <-> Starptautiskā"
0032580,Robežnieku pagasts,01.07.2021,,,,,2,"ATVK2017 Vecā versija <-> Jaunā versija, NUTS2021 Nacionālā <-> Starptautiskā, NUTS2024 Nacionālā <-> Starptautiskā"
0032590,Skaistas pagasts,01.07.2021,,,,,2,"ATVK2017 Vecā versija <-> Jaunā versija, NUTS2021 Nacionālā <-> Starptautiskā, NUTS2024 Nacionālā <-> Starptautiskā"
0032600,Svariņu pagasts,01.07.2021,,,,,2,"ATVK2017 Vecā versija <-> Jaunā versija, NUTS2021 Nacionālā <-> Starptautiskā, NUTS2024 Nacionālā <-> Starptautiskā"
0032610,Šķaunes pagasts,01.07.2021,,,,,2,"ATVK2017 Vecā versija <-> Jaunā versija, NUTS2021 Nacionālā <-> Starptautiskā, NUTS2024 Nacionālā <-> Starptautiskā"
0032620,Šķeltovas pagasts,01.07.2021,,,,,2,"ATVK2017 Vecā versija <-> Jaunā versija, NUTS2021 Nacionālā <-> Starptautiskā, NUTS2024 Nacionālā <-> Starptautiskā"
0032630,Ūdrīšu pagasts,01.07.2021,,,,,2,"ATVK2017 Vecā versija <-> Jaunā versija, NUTS2021 Nacionālā <-> Starptautiskā, NUTS2024 Nacionālā <-> Starptautiskā"
0033000,Kuldīgas novads,01.07.2021,,,,,1,"NUTS2021 Nacionālā <-> Starptautiskā, NUTS2024 Nacionālā <-> Starptautiskā"
0033200,Kuldīga,01.07.2021,,,,,2,"ATVK2017 Vecā versija <-> Jaunā versija, NUTS2021 Nacionālā <-> Starptautiskā, NUTS2024 Nacionālā <-> Starptautiskā"
0033210,Skrunda,01.07.2021,,,,,2,"ATVK2017 Vecā versija <-> Jaunā versija, NUTS2021 Nacionālā <-> Starptautiskā, NUTS2024 Nacionālā <-> Starptautiskā"
0033400,Alsungas pagasts,01.07.2021,,,,,2,"ATVK2017 Vecā versija <-> Jaunā versija, NUTS2021 Nacionālā <-> Starptautiskā, NUTS2024 Nacionālā <-> Starptautiskā"
0033410,Ēdoles pagasts,01.07.2021,,,,,2,"ATVK2017 Vecā versija <-> Jaunā versija, NUTS2021 Nacionālā <-> Starptautiskā, NUTS2024 Nacionālā <-> Starptautiskā"
0033420,Gudenieku pagasts,01.07.2021,,,,,2,"ATVK2017 Vecā versija <-> Jaunā versija, NUTS2021 Nacionālā <-> Starptautiskā, NUTS2024 Nacionālā <-> Starptautiskā"
0033430,Īvandes pagasts,01.07.2021,,,,,2,"ATVK2017 Vecā versija <-> Jaunā versija, NUTS2021 Nacionālā <-> Starptautiskā, NUTS2024 Nacionālā <-> Starptautiskā"
0033440,Kabiles pagasts,01.07.2021,,,,,2,"ATVK2017 Vecā versija <-> Jaunā versija, NUTS2021 Nacionālā <-> Starptautiskā, NUTS2024 Nacionālā <-> Starptautiskā"
0033450,Kurmāles pagasts,01.07.2021,,,,,2,"ATVK2017 Vecā versija <-> Jaunā versija, NUTS2021 Nacionālā <-> Starptautiskā, NUTS2024 Nacionālā <-> Starptautiskā"
0033460,Laidu pagasts,01.07.2021,,,,,2,"ATVK2017 Vecā versija <-> Jaunā versija, NUTS2021 Nacionālā <-> Starptautiskā, NUTS2024 Nacionālā <-> Starptautiskā"
0033470,Nīkrāces pagasts,01.07.2021,,,,,2,"ATVK2017 Vecā versija <-> Jaunā versija, NUTS2021 Nacionālā <-> Starptautiskā, NUTS2024 Nacionālā <-> Starptautiskā"
0033480,Padures pagasts,01.07.2021,,,,,2,"ATVK2017 Vecā versija <-> Jaunā versija, NUTS2021 Nacionālā <-> Starptautiskā, NUTS2024 Nacionālā <-> Starptautiskā"
0033490,Pelču pagasts,01.07.2021,,,,,2,"ATVK2017 Vecā versija <-> Jaunā versija, NUTS2021 Nacionālā <-> Starptautiskā, NUTS2024 Nacionālā <-> Starptautiskā"
0033500,Raņķu pagasts,01.07.2021,,,,,2,"ATVK2017 Vecā versija <-> Jaunā versija, NUTS2021 Nacionālā <-> Starptautiskā, NUTS2024 Nacionālā <-> Starptautiskā"
0033510,Rendas pagasts,01.07.2021,,,,,2,"ATVK2017 Vecā versija <-> Jaunā versija, NUTS2021 Nacionālā <-> Starptautiskā, NUTS2024 Nacionālā <-> Starptautiskā"
0033520,Rudbāržu pagasts,01.07.2021,,,,,2,"ATVK2017 Vecā versija <-> Jaunā versija, NUTS2021 Nacionālā <-> Starptautiskā, NUTS2024 Nacionālā <-> Starptautiskā"
0033530,Rumbas pagasts,01.07.2021,,,,,2,"ATVK2017 Vecā versija <-> Jaunā versija, NUTS2021 Nacionālā <-> Starptautiskā, NUTS2024 Nacionālā <-> Starptautiskā"
0033540,Skrundas pagasts,01.07.2021,,,,,2,"ATVK2017 Vecā versija <-> Jaunā versija, NUTS2021 Nacionālā <-> Starptautiskā, NUTS2024 Nacionālā <-> Starptautiskā"
0033550,Snēpeles pagasts,01.07.2021,,,,,2,"ATVK2017 Vecā versija <-> Jaunā versija, NUTS2021 Nacionālā <-> Starptautiskā, NUTS2024 Nacionālā <-> Starptautiskā"
0033560,Turlavas pagasts,01.07.2021,,,,,2,"ATVK2017 Vecā versija <-> Jaunā versija, NUTS2021 Nacionālā <-> Starptautiskā, NUTS2024 Nacionālā <-> Starptautiskā"
0033570,Vārmes pagasts,01.07.2021,,,,,2,"ATVK2017 Vecā versija <-> Jaunā versija, NUTS2021 Nacionālā <-> Starptautiskā, NUTS2024 Nacionālā <-> Starptautiskā"
0034000,Ķekavas novads,01.07.2021,,,,,1,"NUTS2021 Nacionālā <-> Starptautiskā, NUTS2024 Nacionālā <-> Starptautiskā"
0034200,Baldone,01.07.2021,,,,,2,"ATVK2017 Vecā versija <-> Jaunā versija, NUTS2021 Nacionālā <-> Starptautiskā, NUTS2024 Nacionālā <-> Starptautiskā"
0034210,Baloži,01.07.2021,,,,,2,"ATVK2017 Vecā versija <-> Jaunā versija, NUTS2021 Nacionālā <-> Starptautiskā, NUTS2024 Nacionālā <-> Starptautiskā"
0034220,Ķekava,01.07.2022,,01.07.2022. atdala Ķekavu no Ķekavas pagasta,0034420,,2,"ATVK2017 Vecā versija <-> Jaunā versija, NUTS2021 Nacionālā <-> Starptautiskā, NUTS2024 Nacionālā <-> Starptautiskā"
0034400,Baldones pagasts,01.07.2021,,,,,2,"ATVK2017 Vecā versija <-> Jaunā versija, NUTS2021 Nacionālā <-> Starptautiskā, NUTS2024 Nacionālā <-> Starptautiskā"
0034410,Daugmales pagasts,01.07.2021,,,,,2,"ATVK2017 Vecā versija <-> Jaunā versija, NUTS2021 Nacionālā <-> Starptautiskā, NUTS2024 Nacionālā <-> Starptautiskā"
0034421,Ķekavas pagasts,01.07.2022,,01.07.2022. atdala Ķekavu no Ķekavas pagasta,0034420,,2,"ATVK2017 Vecā versija <-> Jaunā versija, NUTS2021 Nacionālā <-> Starptautiskā, NUTS2024 Nacionālā <-> Starptautiskā"
0035000,Limbažu novads,01.07.2021,,,,,1,"NUTS2021 Nacionālā <-> Starptautiskā, NUTS2024 Nacionālā <-> Starptautiskā"
0035200,Ainaži,01.07.2021,,,,,2,"ATVK2017 Vecā versija <-> Jaunā versija, NUTS2021 Nacionālā <-> Starptautiskā, NUTS2024 Nacionālā <-> Starptautiskā"
0035210,Aloja,01.07.2021,,,,,2,"ATVK2017 Vecā versija <-> Jaunā versija, NUTS2021 Nacionālā <-> Starptautiskā, NUTS2024 Nacionālā <-> Starptautiskā"
0035220,Limbaži,01.07.2021,,,,,2,"ATVK2017 Vecā versija <-> Jaunā versija, NUTS2021 Nacionālā <-> Starptautiskā, NUTS2024 Nacionālā <-> Starptautiskā"
0035230,Salacgrīva,01.07.2021,,,,,2,"ATVK2017 Vecā versija <-> Jaunā versija, NUTS2021 Nacionālā <-> Starptautiskā, NUTS2024 Nacionālā <-> Starptautiskā"
0035240,Staicele,01.07.2021,,,,,2,"ATVK2017 Vecā versija <-> Jaunā versija, NUTS2021 Nacionālā <-> Starptautiskā, NUTS2024 Nacionālā <-> Starptautiskā"
0035400,Ainažu pagasts,01.07.2021,,,,,2,"ATVK2017 Vecā versija <-> Jaunā versija, NUTS2021 Nacionālā <-> Starptautiskā, NUTS2024 Nacionālā <-> Starptautiskā"
0035410,Alojas pagasts,01.07.2021,,,,,2,"ATVK2017 Vecā versija <-> Jaunā versija, NUTS2021 Nacionālā <-> Starptautiskā, NUTS2024 Nacionālā <-> Starptautiskā"
0035420,Braslavas pagasts,01.07.2021,,,,,2,"ATVK2017 Vecā versija <-> Jaunā versija, NUTS2021 Nacionālā <-> Starptautiskā, NUTS2024 Nacionālā <-> Starptautiskā"
0035430,Brīvzemnieku pagasts,01.07.2021,,,,,2,"ATVK2017 Vecā versija <-> Jaunā versija, NUTS2021 Nacionālā <-> Starptautiskā, NUTS2024 Nacionālā <-> Starptautiskā"
0035440,Katvaru pagasts,01.07.2021,,,,,2,"ATVK2017 Vecā versija <-> Jaunā versija, NUTS2021 Nacionālā <-> Starptautiskā, NUTS2024 Nacionālā <-> Starptautiskā"
0035450,Liepupes pagasts,01.07.2021,,,,,2,"ATVK2017 Vecā versija <-> Jaunā versija, NUTS2021 Nacionālā <-> Starptautiskā, NUTS2024 Nacionālā <-> Starptautiskā"
0035460,Limbažu pagasts,01.07.2021,,,,,2,"ATVK2017 Vecā versija <-> Jaunā versija, NUTS2021 Nacionālā <-> Starptautiskā, NUTS2024 Nacionālā <-> Starptautiskā"
0035470,Pāles pagasts,01.07.2021,,,,,2,"ATVK2017 Vecā versija <-> Jaunā versija, NUTS2021 Nacionālā <-> Starptautiskā, NUTS2024 Nacionālā <-> Starptautiskā"
0035480,Salacgrīvas pagasts,01.07.2021,,,,,2,"ATVK2017 Vecā versija <-> Jaunā versija, NUTS2021 Nacionālā <-> Starptautiskā, NUTS2024 Nacionālā <-> Starptautiskā"
0035490,Skultes pagasts,01.07.2021,,,,,2,"ATVK2017 Vecā versija <-> Jaunā versija, NUTS2021 Nacionālā <-> Starptautiskā, NUTS2024 Nacionālā <-> Starptautiskā"
0035500,Staiceles pagasts,01.07.2021,,,,,2,"ATVK2017 Vecā versija <-> Jaunā versija, NUTS2021 Nacionālā <-> Starptautiskā, NUTS2024 Nacionālā <-> Starptautiskā"
0035510,Umurgas pagasts,01.07.2021,,,,,2,"ATVK2017 Vecā versija <-> Jaunā versija, NUTS2021 Nacionālā <-> Starptautiskā, NUTS2024 Nacionālā <-> Starptautiskā"
0035520,Vidrižu pagasts,01.07.2021,,,,,2,"ATVK2017 Vecā versija <-> Jaunā versija, NUTS2021 Nacionālā <-> Starptautiskā, NUTS2024 Nacionālā <-> Starptautiskā"
0035530,Viļķenes pagasts,01.07.2021,,,,,2,"ATVK2017 Vecā versija <-> Jaunā versija, NUTS2021 Nacionālā <-> Starptautiskā, NUTS2024 Nacionālā <-> Starptautiskā"
0036000,Līvānu novads,01.07.2021,,,,,1,"NUTS2021 Nacionālā <-> Starptautiskā, NUTS2024 Nacionālā <-> Starptautiskā"
0036200,Līvāni,01.07.2021,,,,,2,"ATVK2017 Vecā versija <-> Jaunā versija, NUTS2021 Nacionālā <-> Starptautiskā, NUTS2024 Nacionālā <-> Starptautiskā"
0036400,Jersikas pagasts,01.07.2021,,,,,2,"ATVK2017 Vecā versija <-> Jaunā versija, NUTS2021 Nacionālā <-> Starptautiskā, NUTS2024 Nacionālā <-> Starptautiskā"
0036410,Rožupes pagasts,01.07.2021,,,,,2,"ATVK2017 Vecā versija <-> Jaunā versija, NUTS2021 Nacionālā <-> Starptautiskā, NUTS2024 Nacionālā <-> Starptautiskā"
0036420,Rudzātu pagasts,01.07.2021,,,,,2,"ATVK2017 Vecā versija <-> Jaunā versija, NUTS2021 Nacionālā <-> Starptautiskā, NUTS2024 Nacionālā <-> Starptautiskā"
0036430,Sutru pagasts,01.07.2021,,,,,2,"ATVK2017 Vecā versija <-> Jaunā versija, NUTS2021 Nacionālā <-> Starptautiskā, NUTS2024 Nacionālā <-> Starptautiskā"
0036440,Turku pagasts,01.07.2021,,,,,2,"ATVK2017 Vecā versija <-> Jaunā versija, NUTS2021 Nacionālā <-> Starptautiskā, NUTS2024 Nacionālā <-> Starptautiskā"
0037000,Ludzas novads,01.07.2021,,,,,1,"NUTS2021 Nacionālā <-> Starptautiskā, NUTS2024 Nacionālā <-> Starptautiskā"
0037200,Kārsava,01.07.2021,,,,,2,"ATVK2017 Vecā versija <-> Jaunā versija, NUTS2021 Nacionālā <-> Starptautiskā, NUTS2024 Nacionālā <-> Starptautiskā"
0037210,Ludza,01.07.2021,,,,,2,"ATVK2017 Vecā versija <-> Jaunā versija, NUTS2021 Nacionālā <-> Starptautiskā, NUTS2024 Nacionālā <-> Starptautiskā"
0037220,Zilupe,01.07.2021,,,,,2,"ATVK2017 Vecā versija <-> Jaunā versija, NUTS2021 Nacionālā <-> Starptautiskā, NUTS2024 Nacionālā <-> Starptautiskā"
0037400,Blontu pagasts,01.07.2021,,,,,2,"ATVK2017 Vecā versija <-> Jaunā versija, NUTS2021 Nacionālā <-> Starptautiskā, NUTS2024 Nacionālā <-> Starptautiskā"
0037410,Briģu pagasts,01.07.2021,,,,,2,"ATVK2017 Vecā versija <-> Jaunā versija, NUTS2021 Nacionālā <-> Starptautiskā, NUTS2024 Nacionālā <-> Starptautiskā"
0037420,Ciblas pagasts,01.07.2021,,,,,2,"ATVK2017 Vecā versija <-> Jaunā versija, NUTS2021 Nacionālā <-> Starptautiskā, NUTS2024 Nacionālā <-> Starptautiskā"
0037430,Cirmas pagasts,01.07.2021,,,,,2,"ATVK2017 Vecā versija <-> Jaunā versija, NUTS2021 Nacionālā <-> Starptautiskā, NUTS2024 Nacionālā <-> Starptautiskā"
0037440,Goliševas pagasts,01.07.2021,,,,,2,"ATVK2017 Vecā versija <-> Jaunā versija, NUTS2021 Nacionālā <-> Starptautiskā, NUTS2024 Nacionālā <-> Starptautiskā"
0037450,Isnaudas pagasts,01.07.2021,,,,,2,"ATVK2017 Vecā versija <-> Jaunā versija, NUTS2021 Nacionālā <-> Starptautiskā, NUTS2024 Nacionālā <-> Starptautiskā"
0037460,Istras pagasts,01.07.2021,,,,,2,"ATVK2017 Vecā versija <-> Jaunā versija, NUTS2021 Nacionālā <-> Starptautiskā, NUTS2024 Nacionālā <-> Starptautiskā"
0037470,Lauderu pagasts,01.07.2021,,,,,2,"ATVK2017 Vecā versija <-> Jaunā versija, NUTS2021 Nacionālā <-> Starptautiskā, NUTS2024 Nacionālā <-> Starptautiskā"
0037480,Līdumnieku pagasts,01.07.2021,,,,,2,"ATVK2017 Vecā versija <-> Jaunā versija, NUTS2021 Nacionālā <-> Starptautiskā, NUTS2024 Nacionālā <-> Starptautiskā"
0037490,Malnavas pagasts,01.07.2021,,,,,2,"ATVK2017 Vecā versija <-> Jaunā versija, NUTS2021 Nacionālā <-> Starptautiskā, NUTS2024 Nacionālā <-> Starptautiskā"
0037500,Mežvidu pagasts,01.07.2021,,,,,2,"ATVK2017 Vecā versija <-> Jaunā versija, NUTS2021 Nacionālā <-> Starptautiskā, NUTS2024 Nacionālā <-> Starptautiskā"
0037510,Mērdzenes pagasts,01.07.2021,,,,,2,"ATVK2017 Vecā versija <-> Jaunā versija, NUTS2021 Nacionālā <-> Starptautiskā, NUTS2024 Nacionālā <-> Starptautiskā"
0037520,Nirzas pagasts,01.07.2021,,,,,2,"ATVK2017 Vecā versija <-> Jaunā versija, NUTS2021 Nacionālā <-> Starptautiskā, NUTS2024 Nacionālā <-> Starptautiskā"
0037530,Ņukšu pagasts,01.07.2021,,,,,2,"ATVK2017 Vecā versija <-> Jaunā versija, NUTS2021 Nacionālā <-> Starptautiskā, NUTS2024 Nacionālā <-> Starptautiskā"
0037540,Pasienes pagasts,01.07.2021,,,,,2,"ATVK2017 Vecā versija <-> Jaunā versija, NUTS2021 Nacionālā <-> Starptautiskā, NUTS2024 Nacionālā <-> Starptautiskā"
0037550,Pildas pagasts,01.07.2021,,,,,2,"ATVK2017 Vecā versija <-> Jaunā versija, NUTS2021 Nacionālā <-> Starptautiskā, NUTS2024 Nacionālā <-> Starptautiskā"
0037560,Pureņu pagasts,01.07.2021,,,,,2,"ATVK2017 Vecā versija <-> Jaunā versija, NUTS2021 Nacionālā <-> Starptautiskā, NUTS2024 Nacionālā <-> Starptautiskā"
0037570,Pušmucovas pagasts,01.07.2021,,,,,2,"ATVK2017 Vecā versija <-> Jaunā versija, NUTS2021 Nacionālā <-> Starptautiskā, NUTS2024 Nacionālā <-> Starptautiskā"
0037580,Rundēnu pagasts,01.07.2021,,,,,2,"ATVK2017 Vecā versija <-> Jaunā versija, NUTS2021 Nacionālā <-> Starptautiskā, NUTS2024 Nacionālā <-> Starptautiskā"
0037590,Salnavas pagasts,01.07.2021,,,,,2,"ATVK2017 Vecā versija <-> Jaunā versija, NUTS2021 Nacionālā <-> Starptautiskā, NUTS2024 Nacionālā <-> Starptautiskā"
0037600,Zaļesjes pagasts,01.07.2021,,,,,2,"ATVK2017 Vecā versija <-> Jaunā versija, NUTS2021 Nacionālā <-> Starptautiskā, NUTS2024 Nacionālā <-> Starptautiskā"
0037610,Zvirgzdenes pagasts,01.07.2021,,,,,2,"ATVK2017 Vecā versija <-> Jaunā versija, NUTS2021 Nacionālā <-> Starptautiskā, NUTS2024 Nacionālā <-> Starptautiskā"
0038001,Madonas novads,30.06.2024,,30.06.2024. Varakļānu novadu pievieno Madonas novadam,0038000,,1,"NUTS2021 Nacionālā <-> Starptautiskā, NUTS2024 Nacionālā <-> Starptautiskā"
0038200,Cesvaine,30.06.2024,,,,,2,"ATVK2017 Vecā versija <-> Jaunā versija, NUTS2021 Nacionālā <-> Starptautiskā, NUTS2024 Nacionālā <-> Starptautiskā"
0038210,Lubāna,30.06.2024,,,,,2,"ATVK2017 Vecā versija <-> Jaunā versija, NUTS2021 Nacionālā <-> Starptautiskā, NUTS2024 Nacionālā <-> Starptautiskā"
0038220,Madona,30.06.2024,,,,,2,"ATVK2017 Vecā versija <-> Jaunā versija, NUTS2021 Nacionālā <-> Starptautiskā, NUTS2024 Nacionālā <-> Starptautiskā"
0038231,Varakļāni,30.06.2024,,30.06.2024. Varakļānu novadu pievieno Madonas novadam,0055200,,2,"ATVK2017 Vecā versija <-> Jaunā versija, NUTS2021 Vecā versija <-> Jaunā versija, NUTS2024 Vecā versija <-> Jaunā versija"
0038400,Aronas pagasts,30.06.2024,,,,,2,"ATVK2017 Vecā versija <-> Jaunā versija, NUTS2021 Nacionālā <-> Starptautiskā, NUTS2024 Nacionālā <-> Starptautiskā"
0038410,Barkavas pagasts,30.06.2024,,,,,2,"ATVK2017 Vecā versija <-> Jaunā versija, NUTS2021 Nacionālā <-> Starptautiskā, NUTS2024 Nacionālā <-> Starptautiskā"
0038420,Bērzaunes pagasts,30.06.2024,,,,,2,"ATVK2017 Vecā versija <-> Jaunā versija, NUTS2021 Nacionālā <-> Starptautiskā, NUTS2024 Nacionālā <-> Starptautiskā"
0038430,Cesvaines pagasts,30.06.2024,,,,,2,"ATVK2017 Vecā versija <-> Jaunā versija, NUTS2021 Nacionālā <-> Starptautiskā, NUTS2024 Nacionālā <-> Starptautiskā"
0038440,Dzelzavas pagasts,30.06.2024,,,,,2,"ATVK2017 Vecā versija <-> Jaunā versija, NUTS2021 Nacionālā <-> Starptautiskā, NUTS2024 Nacionālā <-> Starptautiskā"
0038450,Ērgļu pagasts,30.06.2024,,,,,2,"ATVK2017 Vecā versija <-> Jaunā versija, NUTS2021 Nacionālā <-> Starptautiskā, NUTS2024 Nacionālā <-> Starptautiskā"
0038460,Indrānu pagasts,30.06.2024,,,,,2,"ATVK2017 Vecā versija <-> Jaunā versija, NUTS2021 Nacionālā <-> Starptautiskā, NUTS2024 Nacionālā <-> Starptautiskā"
0038470,Jumurdas pagasts,30.06.2024,,,,,2,"ATVK2017 Vecā versija <-> Jaunā versija, NUTS2021 Nacionālā <-> Starptautiskā, NUTS2024 Nacionālā <-> Starptautiskā"
0038480,Kalsnavas pagasts,30.06.2024,,,,,2,"ATVK2017 Vecā versija <-> Jaunā versija, NUTS2021 Nacionālā <-> Starptautiskā, NUTS2024 Nacionālā <-> Starptautiskā"
0038490,Lazdonas pagasts,30.06.2024,,,,,2,"ATVK2017 Vecā versija <-> Jaunā versija, NUTS2021 Nacionālā <-> Starptautiskā, NUTS2024 Nacionālā <-> Starptautiskā"
0038500,Liezēres pagasts,30.06.2024,,,,,2,"ATVK2017 Vecā versija <-> Jaunā versija, NUTS2021 Nacionālā <-> Starptautiskā, NUTS2024 Nacionālā <-> Starptautiskā"
0038510,Ļaudonas pagasts,30.06.2024,,,,,2,"ATVK2017 Vecā versija <-> Jaunā versija, NUTS2021 Nacionālā <-> Starptautiskā, NUTS2024 Nacionālā <-> Starptautiskā"
0038520,Mārcienas pagasts,30.06.2024,,,,,2,"ATVK2017 Vecā versija <-> Jaunā versija, NUTS2021 Nacionālā <-> Starptautiskā, NUTS2024 Nacionālā <-> Starptautiskā"
0038530,Mētrienas pagasts,30.06.2024,,,,,2,"ATVK2017 Vecā versija <-> Jaunā versija, NUTS2021 Nacionālā <-> Starptautiskā, NUTS2024 Nacionālā <-> Starptautiskā"
0038540,Ošupes pagasts,30.06.2024,,,,,2,"ATVK2017 Vecā versija <-> Jaunā versija, NUTS2021 Nacionālā <-> Starptautiskā, NUTS2024 Nacionālā <-> Starptautiskā"
0038550,Praulienas pagasts,30.06.2024,,,,,2,"ATVK2017 Vecā versija <-> Jaunā versija, NUTS2021 Nacionālā <-> Starptautiskā, NUTS2024 Nacionālā <-> Starptautiskā"
0038560,Sarkaņu pagasts,30.06.2024,,,,,2,"ATVK2017 Vecā versija <-> Jaunā versija, NUTS2021 Nacionālā <-> Starptautiskā, NUTS2024 Nacionālā <-> Starptautiskā"
0038570,Sausnējas pagasts,30.06.2024,,,,,2,"ATVK2017 Vecā versija <-> Jaunā versija, NUTS2021 Nacionālā <-> Starptautiskā, NUTS2024 Nacionālā <-> Starptautiskā"
0038580,Vestienas pagasts,30.06.2024,,,,,2,"ATVK2017 Vecā versija <-> Jaunā versija, NUTS2021 Nacionālā <-> Starptautiskā, NUTS2024 Nacionālā <-> Starptautiskā"
0038591,Murmastienes pagasts,30.06.2024,,30.06.2024. Varakļānu novadu pievieno Madonas novadam,0055400,,2,"ATVK2017 Vecā versija <-> Jaunā versija, NUTS2021 Vecā versija <-> Jaunā versija, NUTS2024 Vecā versija <-> Jaunā versija"
0038601,Varakļānu pagasts,30.06.2024,,30.06.2024. Varakļānu novadu pievieno Madonas novadam,0055410,,2,"ATVK2017 Vecā versija <-> Jaunā versija, NUTS2021 Vecā versija <-> Jaunā versija, NUTS2024 Vecā versija <-> Jaunā versija"
0039000,Mārupes novads,01.07.2021,,,,,1,"NUTS2021 Nacionālā <-> Starptautiskā, NUTS2024 Nacionālā <-> Starptautiskā"
0039200,Mārupe,01.07.2022,,01.07.2022. atdala Mārupi no Mārupes pagasta,0039410,,2,"ATVK2017 Vecā versija <-> Jaunā versija, NUTS2021 Nacionālā <-> Starptautiskā, NUTS2024 Nacionālā <-> Starptautiskā"
0039400,Babītes pagasts,01.07.2021,,,,,2,"ATVK2017 Vecā versija <-> Jaunā versija, NUTS2021 Nacionālā <-> Starptautiskā, NUTS2024 Nacionālā <-> Starptautiskā"
0039411,Mārupes pagasts,01.07.2022,,01.07.2022. atdala Mārupi no Mārupes pagasta,0039410,,2,"ATVK2017 Vecā versija <-> Jaunā versija, NUTS2021 Nacionālā <-> Starptautiskā, NUTS2024 Nacionālā <-> Starptautiskā"
0039420,Salas pagasts,01.07.2021,,,,,2,"ATVK2017 Vecā versija <-> Jaunā versija, NUTS2021 Nacionālā <-> Starptautiskā, NUTS2024 Nacionālā <-> Starptautiskā"
0040000,Ogres novads,01.07.2021,,,,,1,"NUTS2021 Nacionālā <-> Starptautiskā, NUTS2024 Nacionālā <-> Starptautiskā"
0040010,Ogre,01.07.2021,,,,,2,"ATVK2017 Vecā versija <-> Jaunā versija, NUTS2021 Nacionālā <-> Starptautiskā, NUTS2024 Nacionālā <-> Starptautiskā"
0040200,Ikšķile,01.07.2021,,,,,2,"ATVK2017 Vecā versija <-> Jaunā versija, NUTS2021 Nacionālā <-> Starptautiskā, NUTS2024 Nacionālā <-> Starptautiskā"
0040210,Ķegums,01.07.2021,,,,,2,"ATVK2017 Vecā versija <-> Jaunā versija, NUTS2021 Nacionālā <-> Starptautiskā, NUTS2024 Nacionālā <-> Starptautiskā"
0040220,Lielvārde,01.07.2021,,,,,2,"ATVK2017 Vecā versija <-> Jaunā versija, NUTS2021 Nacionālā <-> Starptautiskā, NUTS2024 Nacionālā <-> Starptautiskā"
0040400,Birzgales pagasts,01.07.2021,,,,,2,"ATVK2017 Vecā versija <-> Jaunā versija, NUTS2021 Nacionālā <-> Starptautiskā, NUTS2024 Nacionālā <-> Starptautiskā"
0040410,Jumpravas pagasts,01.07.2021,,,,,2,"ATVK2017 Vecā versija <-> Jaunā versija, NUTS2021 Nacionālā <-> Starptautiskā, NUTS2024 Nacionālā <-> Starptautiskā"
0040420,Krapes pagasts,01.07.2021,,,,,2,"ATVK2017 Vecā versija <-> Jaunā versija, NUTS2021 Nacionālā <-> Starptautiskā, NUTS2024 Nacionālā <-> Starptautiskā"
0040430,Ķeipenes pagasts,01.07.2021,,,,,2,"ATVK2017 Vecā versija <-> Jaunā versija, NUTS2021 Nacionālā <-> Starptautiskā, NUTS2024 Nacionālā <-> Starptautiskā"
0040440,Lauberes pagasts,01.07.2021,,,,,2,"ATVK2017 Vecā versija <-> Jaunā versija, NUTS2021 Nacionālā <-> Starptautiskā, NUTS2024 Nacionālā <-> Starptautiskā"
0040450,Lēdmanes pagasts,01.07.2021,,,,,2,"ATVK2017 Vecā versija <-> Jaunā versija, NUTS2021 Nacionālā <-> Starptautiskā, NUTS2024 Nacionālā <-> Starptautiskā"
0040460,Lielvārdes pagasts,01.07.2021,,,,,2,"ATVK2017 Vecā versija <-> Jaunā versija, NUTS2021 Nacionālā <-> Starptautiskā, NUTS2024 Nacionālā <-> Starptautiskā"
0040470,Madlienas pagasts,01.07.2021,,,,,2,"ATVK2017 Vecā versija <-> Jaunā versija, NUTS2021 Nacionālā <-> Starptautiskā, NUTS2024 Nacionālā <-> Starptautiskā"
0040480,Mazozolu pagasts,01.07.2021,,,,,2,"ATVK2017 Vecā versija <-> Jaunā versija, NUTS2021 Nacionālā <-> Starptautiskā, NUTS2024 Nacionālā <-> Starptautiskā"
0040490,Meņģeles pagasts,01.07.2021,,,,,2,"ATVK2017 Vecā versija <-> Jaunā versija, NUTS2021 Nacionālā <-> Starptautiskā, NUTS2024 Nacionālā <-> Starptautiskā"
0040500,Ogresgala pagasts,01.07.2021,,,,,2,"ATVK2017 Vecā versija <-> Jaunā versija, NUTS2021 Nacionālā <-> Starptautiskā, NUTS2024 Nacionālā <-> Starptautiskā"
0040510,Rembates pagasts,01.07.2021,,,,,2,"ATVK2017 Vecā versija <-> Jaunā versija, NUTS2021 Nacionālā <-> Starptautiskā, NUTS2024 Nacionālā <-> Starptautiskā"
0040520,Suntažu pagasts,01.07.2021,,,,,2,"ATVK2017 Vecā versija <-> Jaunā versija, NUTS2021 Nacionālā <-> Starptautiskā, NUTS2024 Nacionālā <-> Starptautiskā"
0040530,Taurupes pagasts,01.07.2021,,,,,2,"ATVK2017 Vecā versija <-> Jaunā versija, NUTS2021 Nacionālā <-> Starptautiskā, NUTS2024 Nacionālā <-> Starptautiskā"
0040540,Tīnūžu pagasts,01.07.2021,,,,,2,"ATVK2017 Vecā versija <-> Jaunā versija, NUTS2021 Nacionālā <-> Starptautiskā, NUTS2024 Nacionālā <-> Starptautiskā"
0040550,Tomes pagasts,01.07.2021,,,,,2,"ATVK2017 Vecā versija <-> Jaunā versija, NUTS2021 Nacionālā <-> Starptautiskā, NUTS2024 Nacionālā <-> Starptautiskā"
0041000,Olaines novads,01.07.2021,,,,,1,"NUTS2021 Nacionālā <-> Starptautiskā, NUTS2024 Nacionālā <-> Starptautiskā"
0041200,Olaine,01.07.2021,,,,,2,"ATVK2017 Vecā versija <-> Jaunā versija, NUTS2021 Nacionālā <-> Starptautiskā, NUTS2024 Nacionālā <-> Starptautiskā"
0041400,Olaines pagasts,01.07.2021,,,,,2,"ATVK2017 Vecā versija <-> Jaunā versija, NUTS2021 Nacionālā <-> Starptautiskā, NUTS2024 Nacionālā <-> Starptautiskā"
0042000,Preiļu novads,01.07.2021,,,,,1,"NUTS2021 Nacionālā <-> Starptautiskā, NUTS2024 Nacionālā <-> Starptautiskā"
0042200,Preiļi,01.07.2021,,,,,2,"ATVK2017 Vecā versija <-> Jaunā versija, NUTS2021 Nacionālā <-> Starptautiskā, NUTS2024 Nacionālā <-> Starptautiskā"
0042400,Aglonas pagasts,01.07.2021,,,,,2,"ATVK2017 Vecā versija <-> Jaunā versija, NUTS2021 Nacionālā <-> Starptautiskā, NUTS2024 Nacionālā <-> Starptautiskā"
0042410,Aizkalnes pagasts,01.07.2021,,,,,2,"ATVK2017 Vecā versija <-> Jaunā versija, NUTS2021 Nacionālā <-> Starptautiskā, NUTS2024 Nacionālā <-> Starptautiskā"
0042420,Galēnu pagasts,01.07.2021,,,,,2,"ATVK2017 Vecā versija <-> Jaunā versija, NUTS2021 Nacionālā <-> Starptautiskā, NUTS2024 Nacionālā <-> Starptautiskā"
0042430,Pelēču pagasts,01.07.2021,,,,,2,"ATVK2017 Vecā versija <-> Jaunā versija, NUTS2021 Nacionālā <-> Starptautiskā, NUTS2024 Nacionālā <-> Starptautiskā"
0042440,Preiļu pagasts,01.07.2021,,,,,2,"ATVK2017 Vecā versija <-> Jaunā versija, NUTS2021 Nacionālā <-> Starptautiskā, NUTS2024 Nacionālā <-> Starptautiskā"
0042450,Riebiņu pagasts,01.07.2021,,,,,2,"ATVK2017 Vecā versija <-> Jaunā versija, NUTS2021 Nacionālā <-> Starptautiskā, NUTS2024 Nacionālā <-> Starptautiskā"
0042460,Rožkalnu pagasts,01.07.2021,,,,,2,"ATVK2017 Vecā versija <-> Jaunā versija, NUTS2021 Nacionālā <-> Starptautiskā, NUTS2024 Nacionālā <-> Starptautiskā"
0042470,Rušonas pagasts,01.07.2021,,,,,2,"ATVK2017 Vecā versija <-> Jaunā versija, NUTS2021 Nacionālā <-> Starptautiskā, NUTS2024 Nacionālā <-> Starptautiskā"
0042480,Saunas pagasts,01.07.2021,,,,,2,"ATVK2017 Vecā versija <-> Jaunā versija, NUTS2021 Nacionālā <-> Starptautiskā, NUTS2024 Nacionālā <-> Starptautiskā"
0042490,Silajāņu pagasts,01.07.2021,,,,,2,"ATVK2017 Vecā versija <-> Jaunā versija, NUTS2021 Nacionālā <-> Starptautiskā, NUTS2024 Nacionālā <-> Starptautiskā"
0042500,Sīļukalna pagasts,01.07.2021,,,,,2,"ATVK2017 Vecā versija <-> Jaunā versija, NUTS2021 Nacionālā <-> Starptautiskā, NUTS2024 Nacionālā <-> Starptautiskā"
0042510,Stabulnieku pagasts,01.07.2021,,,,,2,"ATVK2017 Vecā versija <-> Jaunā versija, NUTS2021 Nacionālā <-> Starptautiskā, NUTS2024 Nacionālā <-> Starptautiskā"
0042520,Upmalas pagasts,01.07.2021,,,,,2,"ATVK2017 Vecā versija <-> Jaunā versija, NUTS2021 Nacionālā <-> Starptautiskā, NUTS2024 Nacionālā <-> Starptautiskā"
0042530,Vārkavas pagasts,01.07.2021,,,,,2,"ATVK2017 Vecā versija <-> Jaunā versija, NUTS2021 Nacionālā <-> Starptautiskā, NUTS2024 Nacionālā <-> Starptautiskā"
0043000,Rēzeknes novads,01.07.2021,,,,,1,"NUTS2021 Nacionālā <-> Starptautiskā, NUTS2024 Nacionālā <-> Starptautiskā"
0043200,Viļāni,01.07.2021,,,,,2,"ATVK2017 Vecā versija <-> Jaunā versija, NUTS2021 Nacionālā <-> Starptautiskā, NUTS2024 Nacionālā <-> Starptautiskā"
0043400,Audriņu pagasts,01.07.2021,,,,,2,"ATVK2017 Vecā versija <-> Jaunā versija, NUTS2021 Nacionālā <-> Starptautiskā, NUTS2024 Nacionālā <-> Starptautiskā"
0043410,Bērzgales pagasts,01.07.2021,,,,,2,"ATVK2017 Vecā versija <-> Jaunā versija, NUTS2021 Nacionālā <-> Starptautiskā, NUTS2024 Nacionālā <-> Starptautiskā"
0043420,Čornajas pagasts,01.07.2021,,,,,2,"ATVK2017 Vecā versija <-> Jaunā versija, NUTS2021 Nacionālā <-> Starptautiskā, NUTS2024 Nacionālā <-> Starptautiskā"
0043430,Dekšāres pagasts,01.07.2021,,,,,2,"ATVK2017 Vecā versija <-> Jaunā versija, NUTS2021 Nacionālā <-> Starptautiskā, NUTS2024 Nacionālā <-> Starptautiskā"
0043440,Dricānu pagasts,01.07.2021,,,,,2,"ATVK2017 Vecā versija <-> Jaunā versija, NUTS2021 Nacionālā <-> Starptautiskā, NUTS2024 Nacionālā <-> Starptautiskā"
0043450,Feimaņu pagasts,01.07.2021,,,,,2,"ATVK2017 Vecā versija <-> Jaunā versija, NUTS2021 Nacionālā <-> Starptautiskā, NUTS2024 Nacionālā <-> Starptautiskā"
0043460,Gaigalavas pagasts,01.07.2021,,,,,2,"ATVK2017 Vecā versija <-> Jaunā versija, NUTS2021 Nacionālā <-> Starptautiskā, NUTS2024 Nacionālā <-> Starptautiskā"
0043470,Griškānu pagasts,01.07.2021,,,,,2,"ATVK2017 Vecā versija <-> Jaunā versija, NUTS2021 Nacionālā <-> Starptautiskā, NUTS2024 Nacionālā <-> Starptautiskā"
0043480,Ilzeskalna pagasts,01.07.2021,,,,,2,"ATVK2017 Vecā versija <-> Jaunā versija, NUTS2021 Nacionālā <-> Starptautiskā, NUTS2024 Nacionālā <-> Starptautiskā"
0043490,Kantinieku pagasts,01.07.2021,,,,,2,"ATVK2017 Vecā versija <-> Jaunā versija, NUTS2021 Nacionālā <-> Starptautiskā, NUTS2024 Nacionālā <-> Starptautiskā"
0043500,Kaunatas pagasts,01.07.2021,,,,,2,"ATVK2017 Vecā versija <-> Jaunā versija, NUTS2021 Nacionālā <-> Starptautiskā, NUTS2024 Nacionālā <-> Starptautiskā"
0043510,Lendžu pagasts,01.07.2021,,,,,2,"ATVK2017 Vecā versija <-> Jaunā versija, NUTS2021 Nacionālā <-> Starptautiskā, NUTS2024 Nacionālā <-> Starptautiskā"
0043520,Lūznavas pagasts,01.07.2021,,,,,2,"ATVK2017 Vecā versija <-> Jaunā versija, NUTS2021 Nacionālā <-> Starptautiskā, NUTS2024 Nacionālā <-> Starptautiskā"
0043530,Maltas pagasts,01.07.2021,,,,,2,"ATVK2017 Vecā versija <-> Jaunā versija, NUTS2021 Nacionālā <-> Starptautiskā, NUTS2024 Nacionālā <-> Starptautiskā"
0043540,Mākoņkalna pagasts,01.07.2021,,,,,2,"ATVK2017 Vecā versija <-> Jaunā versija, NUTS2021 Nacionālā <-> Starptautiskā, NUTS2024 Nacionālā <-> Starptautiskā"
0043550,Nagļu pagasts,01.07.2021,,,,,2,"ATVK2017 Vecā versija <-> Jaunā versija, NUTS2021 Nacionālā <-> Starptautiskā, NUTS2024 Nacionālā <-> Starptautiskā"
0043560,Nautrēnu pagasts,01.07.2021,,,,,2,"ATVK2017 Vecā versija <-> Jaunā versija, NUTS2021 Nacionālā <-> Starptautiskā, NUTS2024 Nacionālā <-> Starptautiskā"
0043570,Ozolaines pagasts,01.07.2021,,,,,2,"ATVK2017 Vecā versija <-> Jaunā versija, NUTS2021 Nacionālā <-> Starptautiskā, NUTS2024 Nacionālā <-> Starptautiskā"
0043580,Ozolmuižas pagasts,01.07.2021,,,,,2,"ATVK2017 Vecā versija <-> Jaunā versija, NUTS2021 Nacionālā <-> Starptautiskā, NUTS2024 Nacionālā <-> Starptautiskā"
0043590,Pušas pagasts,01.07.2021,,,,,2,"ATVK2017 Vecā versija <-> Jaunā versija, NUTS2021 Nacionālā <-> Starptautiskā, NUTS2024 Nacionālā <-> Starptautiskā"
0043600,Rikavas pagasts,01.07.2021,,,,,2,"ATVK2017 Vecā versija <-> Jaunā versija, NUTS2021 Nacionālā <-> Starptautiskā, NUTS2024 Nacionālā <-> Starptautiskā"
0043610,Sakstagala pagasts,01.07.2021,,,,,2,"ATVK2017 Vecā versija <-> Jaunā versija, NUTS2021 Nacionālā <-> Starptautiskā, NUTS2024 Nacionālā <-> Starptautiskā"
0043620,Silmalas pagasts,01.07.2021,,,,,2,"ATVK2017 Vecā versija <-> Jaunā versija, NUTS2021 Nacionālā <-> Starptautiskā, NUTS2024 Nacionālā <-> Starptautiskā"
0043630,Sokolku pagasts,01.07.2021,,,,,2,"ATVK2017 Vecā versija <-> Jaunā versija, NUTS2021 Nacionālā <-> Starptautiskā, NUTS2024 Nacionālā <-> Starptautiskā"
0043640,Stoļerovas pagasts,01.07.2021,,,,,2,"ATVK2017 Vecā versija <-> Jaunā versija, NUTS2021 Nacionālā <-> Starptautiskā, NUTS2024 Nacionālā <-> Starptautiskā"
0043650,Stružānu pagasts,01.07.2021,,,,,2,"ATVK2017 Vecā versija <-> Jaunā versija, NUTS2021 Nacionālā <-> Starptautiskā, NUTS2024 Nacionālā <-> Starptautiskā"
0043660,Vērēmu pagasts,01.07.2021,,,,,2,"ATVK2017 Vecā versija <-> Jaunā versija, NUTS2021 Nacionālā <-> Starptautiskā, NUTS2024 Nacionālā <-> Starptautiskā"
0043670,Viļānu pagasts,01.07.2021,,,,,2,"ATVK2017 Vecā versija <-> Jaunā versija, NUTS2021 Nacionālā <-> Starptautiskā, NUTS2024 Nacionālā <-> Starptautiskā"
0044000,Ropažu novads,01.07.2021,,,,,1,"NUTS2021 Nacionālā <-> Starptautiskā, NUTS2024 Nacionālā <-> Starptautiskā"
0044200,Vangaži,01.07.2021,,,,,2,"ATVK2017 Vecā versija <-> Jaunā versija, NUTS2021 Nacionālā <-> Starptautiskā, NUTS2024 Nacionālā <-> Starptautiskā"
0044400,Garkalnes pagasts,01.07.2021,,,,,2,"ATVK2017 Vecā versija <-> Jaunā versija, NUTS2021 Nacionālā <-> Starptautiskā, NUTS2024 Nacionālā <-> Starptautiskā"
0044410,Ropažu pagasts,01.07.2021,,,,,2,"ATVK2017 Vecā versija <-> Jaunā versija, NUTS2021 Nacionālā <-> Starptautiskā, NUTS2024 Nacionālā <-> Starptautiskā"
0044420,Stopiņu pagasts,01.07.2021,,,,,2,"ATVK2017 Vecā versija <-> Jaunā versija, NUTS2021 Nacionālā <-> Starptautiskā, NUTS2024 Nacionālā <-> Starptautiskā"
0045000,Salaspils novads,01.07.2021,,,,,1,"NUTS2021 Nacionālā <-> Starptautiskā, NUTS2024 Nacionālā <-> Starptautiskā"
0045200,Salaspils,01.07.2021,,,,,2,"ATVK2017 Vecā versija <-> Jaunā versija, NUTS2021 Nacionālā <-> Starptautiskā, NUTS2024 Nacionālā <-> Starptautiskā"
0045400,Salaspils pagasts,01.07.2021,,,,,2,"ATVK2017 Vecā versija <-> Jaunā versija, NUTS2021 Nacionālā <-> Starptautiskā, NUTS2024 Nacionālā <-> Starptautiskā"
0046000,Saldus novads,01.07.2021,,,,,1,"NUTS2021 Nacionālā <-> Starptautiskā, NUTS2024 Nacionālā <-> Starptautiskā"
0046200,Brocēni,01.07.2021,,,,,2,"ATVK2017 Vecā versija <-> Jaunā versija, NUTS2021 Nacionālā <-> Starptautiskā, NUTS2024 Nacionālā <-> Starptautiskā"
0046210,Saldus,01.07.2021,,,,,2,"ATVK2017 Vecā versija <-> Jaunā versija, NUTS2021 Nacionālā <-> Starptautiskā, NUTS2024 Nacionālā <-> Starptautiskā"
0046400,Blīdenes pagasts,01.07.2021,,,,,2,"ATVK2017 Vecā versija <-> Jaunā versija, NUTS2021 Nacionālā <-> Starptautiskā, NUTS2024 Nacionālā <-> Starptautiskā"
0046410,Cieceres pagasts,01.07.2021,,,,,2,"ATVK2017 Vecā versija <-> Jaunā versija, NUTS2021 Nacionālā <-> Starptautiskā, NUTS2024 Nacionālā <-> Starptautiskā"
0046420,Ezeres pagasts,01.07.2021,,,,,2,"ATVK2017 Vecā versija <-> Jaunā versija, NUTS2021 Nacionālā <-> Starptautiskā, NUTS2024 Nacionālā <-> Starptautiskā"
0046430,Gaiķu pagasts,01.07.2021,,,,,2,"ATVK2017 Vecā versija <-> Jaunā versija, NUTS2021 Nacionālā <-> Starptautiskā, NUTS2024 Nacionālā <-> Starptautiskā"
0046440,Jaunauces pagasts,01.07.2021,,,,,2,"ATVK2017 Vecā versija <-> Jaunā versija, NUTS2021 Nacionālā <-> Starptautiskā, NUTS2024 Nacionālā <-> Starptautiskā"
0046450,Jaunlutriņu pagasts,01.07.2021,,,,,2,"ATVK2017 Vecā versija <-> Jaunā versija, NUTS2021 Nacionālā <-> Starptautiskā, NUTS2024 Nacionālā <-> Starptautiskā"
0046460,Kursīšu pagasts,01.07.2021,,,,,2,"ATVK2017 Vecā versija <-> Jaunā versija, NUTS2021 Nacionālā <-> Starptautiskā, NUTS2024 Nacionālā <-> Starptautiskā"
0046470,Lutriņu pagasts,01.07.2021,,,,,2,"ATVK2017 Vecā versija <-> Jaunā versija, NUTS2021 Nacionālā <-> Starptautiskā, NUTS2024 Nacionālā <-> Starptautiskā"
0046480,Nīgrandes pagasts,01.07.2021,,,,,2,"ATVK2017 Vecā versija <-> Jaunā versija, NUTS2021 Nacionālā <-> Starptautiskā, NUTS2024 Nacionālā <-> Starptautiskā"
0046490,Novadnieku pagasts,01.07.2021,,,,,2,"ATVK2017 Vecā versija <-> Jaunā versija, NUTS2021 Nacionālā <-> Starptautiskā, NUTS2024 Nacionālā <-> Starptautiskā"
0046500,Pampāļu pagasts,01.07.2021,,,,,2,"ATVK2017 Vecā versija <-> Jaunā versija, NUTS2021 Nacionālā <-> Starptautiskā, NUTS2024 Nacionālā <-> Starptautiskā"
0046510,Remtes pagasts,01.07.2021,,,,,2,"ATVK2017 Vecā versija <-> Jaunā versija, NUTS2021 Nacionālā <-> Starptautiskā, NUTS2024 Nacionālā <-> Starptautiskā"
0046520,Rubas pagasts,01.07.2021,,,,,2,"ATVK2017 Vecā versija <-> Jaunā versija, NUTS2021 Nacionālā <-> Starptautiskā, NUTS2024 Nacionālā <-> Starptautiskā"
0046530,Saldus pagasts,01.07.2021,,,,,2,"ATVK2017 Vecā versija <-> Jaunā versija, NUTS2021 Nacionālā <-> Starptautiskā, NUTS2024 Nacionālā <-> Starptautiskā"
0046540,Šķēdes pagasts,01.07.2021,,,,,2,"ATVK2017 Vecā versija <-> Jaunā versija, NUTS2021 Nacionālā <-> Starptautiskā, NUTS2024 Nacionālā <-> Starptautiskā"
0046550,Vadakstes pagasts,01.07.2021,,,,,2,"ATVK2017 Vecā versija <-> Jaunā versija, NUTS2021 Nacionālā <-> Starptautiskā, NUTS2024 Nacionālā <-> Starptautiskā"
0046560,Zaņas pagasts,01.07.2021,,,,,2,"ATVK2017 Vecā versija <-> Jaunā versija, NUTS2021 Nacionālā <-> Starptautiskā, NUTS2024 Nacionālā <-> Starptautiskā"
0046570,Zirņu pagasts,01.07.2021,,,,,2,"ATVK2017 Vecā versija <-> Jaunā versija, NUTS2021 Nacionālā <-> Starptautiskā, NUTS2024 Nacionālā <-> Starptautiskā"
0046580,Zvārdes pagasts,01.07.2021,,,,,2,"ATVK2017 Vecā versija <-> Jaunā versija, NUTS2021 Nacionālā <-> Starptautiskā, NUTS2024 Nacionālā <-> Starptautiskā"
0047000,Saulkrastu novads,01.07.2021,,,,,1,"NUTS2021 Nacionālā <-> Starptautiskā, NUTS2024 Nacionālā <-> Starptautiskā"
0047200,Saulkrasti,01.07.2021,,,,,2,"ATVK2017 Vecā versija <-> Jaunā versija, NUTS2021 Nacionālā <-> Starptautiskā, NUTS2024 Nacionālā <-> Starptautiskā"
0047400,Saulkrastu pagasts,01.07.2021,,,,,2,"ATVK2017 Vecā versija <-> Jaunā versija, NUTS2021 Nacionālā <-> Starptautiskā, NUTS2024 Nacionālā <-> Starptautiskā"
0047410,Sējas pagasts,01.07.2021,,,,,2,"ATVK2017 Vecā versija <-> Jaunā versija, NUTS2021 Nacionālā <-> Starptautiskā, NUTS2024 Nacionālā <-> Starptautiskā"
0048000,Siguldas novads,01.07.2021,,,,,1,"NUTS2021 Nacionālā <-> Starptautiskā, NUTS2024 Nacionālā <-> Starptautiskā"
0048200,Sigulda,01.07.2021,,,,,2,"ATVK2017 Vecā versija <-> Jaunā versija, NUTS2021 Nacionālā <-> Starptautiskā, NUTS2024 Nacionālā <-> Starptautiskā"
0048400,Allažu pagasts,01.07.2021,,,,,2,"ATVK2017 Vecā versija <-> Jaunā versija, NUTS2021 Nacionālā <-> Starptautiskā, NUTS2024 Nacionālā <-> Starptautiskā"
0048410,Inčukalna pagasts,01.07.2021,,,,,2,"ATVK2017 Vecā versija <-> Jaunā versija, NUTS2021 Nacionālā <-> Starptautiskā, NUTS2024 Nacionālā <-> Starptautiskā"
0048420,Krimuldas pagasts,01.07.2021,,,,,2,"ATVK2017 Vecā versija <-> Jaunā versija, NUTS2021 Nacionālā <-> Starptautiskā, NUTS2024 Nacionālā <-> Starptautiskā"
0048430,Lēdurgas pagasts,01.07.2021,,,,,2,"ATVK2017 Vecā versija <-> Jaunā versija, NUTS2021 Nacionālā <-> Starptautiskā, NUTS2024 Nacionālā <-> Starptautiskā"
0048440,Mālpils pagasts,01.07.2021,,,,,2,"ATVK2017 Vecā versija <-> Jaunā versija, NUTS2021 Nacionālā <-> Starptautiskā, NUTS2024 Nacionālā <-> Starptautiskā"
0048450,Mores pagasts,01.07.2021,,,,,2,"ATVK2017 Vecā versija <-> Jaunā versija, NUTS2021 Nacionālā <-> Starptautiskā, NUTS2024 Nacionālā <-> Starptautiskā"
0048460,Siguldas pagasts,01.07.2021,,,,,2,"ATVK2017 Vecā versija <-> Jaunā versija, NUTS2021 Nacionālā <-> Starptautiskā, NUTS2024 Nacionālā <-> Starptautiskā"
0049000,Smiltenes novads,01.07.2021,,,,,1,"NUTS2021 Nacionālā <-> Starptautiskā, NUTS2024 Nacionālā <-> Starptautiskā"
0049200,Ape,01.07.2021,,,,,2,"ATVK2017 Vecā versija <-> Jaunā versija, NUTS2021 Nacionālā <-> Starptautiskā, NUTS2024 Nacionālā <-> Starptautiskā"
0049210,Smiltene,01.07.2021,,,,,2,"ATVK2017 Vecā versija <-> Jaunā versija, NUTS2021 Nacionālā <-> Starptautiskā, NUTS2024 Nacionālā <-> Starptautiskā"
0049400,Apes pagasts,01.07.2021,,,,,2,"ATVK2017 Vecā versija <-> Jaunā versija, NUTS2021 Nacionālā <-> Starptautiskā, NUTS2024 Nacionālā <-> Starptautiskā"
0049410,Bilskas pagasts,01.07.2021,,,,,2,"ATVK2017 Vecā versija <-> Jaunā versija, NUTS2021 Nacionālā <-> Starptautiskā, NUTS2024 Nacionālā <-> Starptautiskā"
0049420,Blomes pagasts,01.07.2021,,,,,2,"ATVK2017 Vecā versija <-> Jaunā versija, NUTS2021 Nacionālā <-> Starptautiskā, NUTS2024 Nacionālā <-> Starptautiskā"
0049430,Brantu pagasts,01.07.2021,,,,,2,"ATVK2017 Vecā versija <-> Jaunā versija, NUTS2021 Nacionālā <-> Starptautiskā, NUTS2024 Nacionālā <-> Starptautiskā"
0049440,Drustu pagasts,01.07.2021,,,,,2,"ATVK2017 Vecā versija <-> Jaunā versija, NUTS2021 Nacionālā <-> Starptautiskā, NUTS2024 Nacionālā <-> Starptautiskā"
0049450,Gaujienas pagasts,01.07.2021,,,,,2,"ATVK2017 Vecā versija <-> Jaunā versija, NUTS2021 Nacionālā <-> Starptautiskā, NUTS2024 Nacionālā <-> Starptautiskā"
0049460,Grundzāles pagasts,01.07.2021,,,,,2,"ATVK2017 Vecā versija <-> Jaunā versija, NUTS2021 Nacionālā <-> Starptautiskā, NUTS2024 Nacionālā <-> Starptautiskā"
0049470,Launkalnes pagasts,01.07.2021,,,,,2,"ATVK2017 Vecā versija <-> Jaunā versija, NUTS2021 Nacionālā <-> Starptautiskā, NUTS2024 Nacionālā <-> Starptautiskā"
0049480,Palsmanes pagasts,01.07.2021,,,,,2,"ATVK2017 Vecā versija <-> Jaunā versija, NUTS2021 Nacionālā <-> Starptautiskā, NUTS2024 Nacionālā <-> Starptautiskā"
0049490,Raunas pagasts,01.07.2021,,,,,2,"ATVK2017 Vecā versija <-> Jaunā versija, NUTS2021 Nacionālā <-> Starptautiskā, NUTS2024 Nacionālā <-> Starptautiskā"
0049500,Smiltenes pagasts,01.07.2021,,,,,2,"ATVK2017 Vecā versija <-> Jaunā versija, NUTS2021 Nacionālā <-> Starptautiskā, NUTS2024 Nacionālā <-> Starptautiskā"
0049510,Trapenes pagasts,01.07.2021,,,,,2,"ATVK2017 Vecā versija <-> Jaunā versija, NUTS2021 Nacionālā <-> Starptautiskā, NUTS2024 Nacionālā <-> Starptautiskā"
0049520,Variņu pagasts,01.07.2021,,,,,2,"ATVK2017 Vecā versija <-> Jaunā versija, NUTS2021 Nacionālā <-> Starptautiskā, NUTS2024 Nacionālā <-> Starptautiskā"
0049530,Virešu pagasts,01.07.2021,,,,,2,"ATVK2017 Vecā versija <-> Jaunā versija, NUTS2021 Nacionālā <-> Starptautiskā, NUTS2024 Nacionālā <-> Starptautiskā"
0051000,Talsu novads,01.07.2021,,,,,1,"NUTS2021 Nacionālā <-> Starptautiskā, NUTS2024 Nacionālā <-> Starptautiskā"
0051200,Sabile,01.07.2021,,,,,2,"ATVK2017 Vecā versija <-> Jaunā versija, NUTS2021 Nacionālā <-> Starptautiskā, NUTS2024 Nacionālā <-> Starptautiskā"
0051210,Stende,01.07.2021,,,,,2,"ATVK2017 Vecā versija <-> Jaunā versija, NUTS2021 Nacionālā <-> Starptautiskā, NUTS2024 Nacionālā <-> Starptautiskā"
0051220,Talsi,01.07.2021,,,,,2,"ATVK2017 Vecā versija <-> Jaunā versija, NUTS2021 Nacionālā <-> Starptautiskā, NUTS2024 Nacionālā <-> Starptautiskā"
0051230,Valdemārpils,01.07.2021,,,,,2,"ATVK2017 Vecā versija <-> Jaunā versija, NUTS2021 Nacionālā <-> Starptautiskā, NUTS2024 Nacionālā <-> Starptautiskā"
0051400,Abavas pagasts,01.07.2021,,,,,2,"ATVK2017 Vecā versija <-> Jaunā versija, NUTS2021 Nacionālā <-> Starptautiskā, NUTS2024 Nacionālā <-> Starptautiskā"
0051410,Ārlavas pagasts,01.07.2021,,,,,2,"ATVK2017 Vecā versija <-> Jaunā versija, NUTS2021 Nacionālā <-> Starptautiskā, NUTS2024 Nacionālā <-> Starptautiskā"
0051420,Balgales pagasts,01.07.2021,,,,,2,"ATVK2017 Vecā versija <-> Jaunā versija, NUTS2021 Nacionālā <-> Starptautiskā, NUTS2024 Nacionālā <-> Starptautiskā"
0051430,Dundagas pagasts,01.07.2021,,,,,2,"ATVK2017 Vecā versija <-> Jaunā versija, NUTS2021 Nacionālā <-> Starptautiskā, NUTS2024 Nacionālā <-> Starptautiskā"
0051440,Ģibuļu pagasts,01.07.2021,,,,,2,"ATVK2017 Vecā versija <-> Jaunā versija, NUTS2021 Nacionālā <-> Starptautiskā, NUTS2024 Nacionālā <-> Starptautiskā"
0051450,Īves pagasts,01.07.2021,,,,,2,"ATVK2017 Vecā versija <-> Jaunā versija, NUTS2021 Nacionālā <-> Starptautiskā, NUTS2024 Nacionālā <-> Starptautiskā"
0051460,Kolkas pagasts,01.07.2021,,,,,2,"ATVK2017 Vecā versija <-> Jaunā versija, NUTS2021 Nacionālā <-> Starptautiskā, NUTS2024 Nacionālā <-> Starptautiskā"
0051470,Ķūļciema pagasts,01.07.2021,,,,,2,"ATVK2017 Vecā versija <-> Jaunā versija, NUTS2021 Nacionālā <-> Starptautiskā, NUTS2024 Nacionālā <-> Starptautiskā"
0051480,Laidzes pagasts,01.07.2021,,,,,2,"ATVK2017 Vecā versija <-> Jaunā versija, NUTS2021 Nacionālā <-> Starptautiskā, NUTS2024 Nacionālā <-> Starptautiskā"
0051490,Laucienes pagasts,01.07.2021,,,,,2,"ATVK2017 Vecā versija <-> Jaunā versija, NUTS2021 Nacionālā <-> Starptautiskā, NUTS2024 Nacionālā <-> Starptautiskā"
0051500,Lībagu pagasts,01.07.2021,,,,,2,"ATVK2017 Vecā versija <-> Jaunā versija, NUTS2021 Nacionālā <-> Starptautiskā, NUTS2024 Nacionālā <-> Starptautiskā"
0051510,Lubes pagasts,01.07.2021,,,,,2,"ATVK2017 Vecā versija <-> Jaunā versija, NUTS2021 Nacionālā <-> Starptautiskā, NUTS2024 Nacionālā <-> Starptautiskā"
0051520,Mērsraga pagasts,01.07.2021,,,,,2,"ATVK2017 Vecā versija <-> Jaunā versija, NUTS2021 Nacionālā <-> Starptautiskā, NUTS2024 Nacionālā <-> Starptautiskā"
0051530,Rojas pagasts,01.07.2021,,,,,2,"ATVK2017 Vecā versija <-> Jaunā versija, NUTS2021 Nacionālā <-> Starptautiskā, NUTS2024 Nacionālā <-> Starptautiskā"
0051540,Strazdes pagasts,01.07.2021,,,,,2,"ATVK2017 Vecā versija <-> Jaunā versija, NUTS2021 Nacionālā <-> Starptautiskā, NUTS2024 Nacionālā <-> Starptautiskā"
0051550,Valdgales pagasts,01.07.2021,,,,,2,"ATVK2017 Vecā versija <-> Jaunā versija, NUTS2021 Nacionālā <-> Starptautiskā, NUTS2024 Nacionālā <-> Starptautiskā"
0051560,Vandzenes pagasts,01.07.2021,,,,,2,"ATVK2017 Vecā versija <-> Jaunā versija, NUTS2021 Nacionālā <-> Starptautiskā, NUTS2024 Nacionālā <-> Starptautiskā"
0051570,Virbu pagasts,01.07.2021,,,,,2,"ATVK2017 Vecā versija <-> Jaunā versija, NUTS2021 Nacionālā <-> Starptautiskā, NUTS2024 Nacionālā <-> Starptautiskā"
0052000,Tukuma novads,01.07.2021,,,,,1,"NUTS2021 Nacionālā <-> Starptautiskā, NUTS2024 Nacionālā <-> Starptautiskā"
0052200,Kandava,01.07.2021,,,,,2,"ATVK2017 Vecā versija <-> Jaunā versija, NUTS2021 Nacionālā <-> Starptautiskā, NUTS2024 Nacionālā <-> Starptautiskā"
0052210,Tukums,01.07.2021,,,,,2,"ATVK2017 Vecā versija <-> Jaunā versija, NUTS2021 Nacionālā <-> Starptautiskā, NUTS2024 Nacionālā <-> Starptautiskā"
0052400,Cēres pagasts,01.07.2021,,,,,2,"ATVK2017 Vecā versija <-> Jaunā versija, NUTS2021 Nacionālā <-> Starptautiskā, NUTS2024 Nacionālā <-> Starptautiskā"
0052410,Degoles pagasts,01.07.2021,,,,,2,"ATVK2017 Vecā versija <-> Jaunā versija, NUTS2021 Nacionālā <-> Starptautiskā, NUTS2024 Nacionālā <-> Starptautiskā"
0052420,Džūkstes pagasts,01.07.2021,,,,,2,"ATVK2017 Vecā versija <-> Jaunā versija, NUTS2021 Nacionālā <-> Starptautiskā, NUTS2024 Nacionālā <-> Starptautiskā"
0052430,Engures pagasts,01.07.2021,,,,,2,"ATVK2017 Vecā versija <-> Jaunā versija, NUTS2021 Nacionālā <-> Starptautiskā, NUTS2024 Nacionālā <-> Starptautiskā"
0052440,Irlavas pagasts,01.07.2021,,,,,2,"ATVK2017 Vecā versija <-> Jaunā versija, NUTS2021 Nacionālā <-> Starptautiskā, NUTS2024 Nacionālā <-> Starptautiskā"
0052450,Jaunpils pagasts,01.07.2021,,,,,2,"ATVK2017 Vecā versija <-> Jaunā versija, NUTS2021 Nacionālā <-> Starptautiskā, NUTS2024 Nacionālā <-> Starptautiskā"
0052460,Jaunsātu pagasts,01.07.2021,,,,,2,"ATVK2017 Vecā versija <-> Jaunā versija, NUTS2021 Nacionālā <-> Starptautiskā, NUTS2024 Nacionālā <-> Starptautiskā"
0052470,Kandavas pagasts,01.07.2021,,,,,2,"ATVK2017 Vecā versija <-> Jaunā versija, NUTS2021 Nacionālā <-> Starptautiskā, NUTS2024 Nacionālā <-> Starptautiskā"
0052480,Lapmežciema pagasts,01.07.2021,,,,,2,"ATVK2017 Vecā versija <-> Jaunā versija, NUTS2021 Nacionālā <-> Starptautiskā, NUTS2024 Nacionālā <-> Starptautiskā"
0052490,Lestenes pagasts,01.07.2021,,,,,2,"ATVK2017 Vecā versija <-> Jaunā versija, NUTS2021 Nacionālā <-> Starptautiskā, NUTS2024 Nacionālā <-> Starptautiskā"
0052500,Matkules pagasts,01.07.2021,,,,,2,"ATVK2017 Vecā versija <-> Jaunā versija, NUTS2021 Nacionālā <-> Starptautiskā, NUTS2024 Nacionālā <-> Starptautiskā"
0052510,Pūres pagasts,01.07.2021,,,,,2,"ATVK2017 Vecā versija <-> Jaunā versija, NUTS2021 Nacionālā <-> Starptautiskā, NUTS2024 Nacionālā <-> Starptautiskā"
0052520,Sēmes pagasts,01.07.2021,,,,,2,"ATVK2017 Vecā versija <-> Jaunā versija, NUTS2021 Nacionālā <-> Starptautiskā, NUTS2024 Nacionālā <-> Starptautiskā"
0052530,Slampes pagasts,01.07.2021,,,,,2,"ATVK2017 Vecā versija <-> Jaunā versija, NUTS2021 Nacionālā <-> Starptautiskā, NUTS2024 Nacionālā <-> Starptautiskā"
0052540,Smārdes pagasts,01.07.2021,,,,,2,"ATVK2017 Vecā versija <-> Jaunā versija, NUTS2021 Nacionālā <-> Starptautiskā, NUTS2024 Nacionālā <-> Starptautiskā"
0052550,Tumes pagasts,01.07.2021,,,,,2,"ATVK2017 Vecā versija <-> Jaunā versija, NUTS2021 Nacionālā <-> Starptautiskā, NUTS2024 Nacionālā <-> Starptautiskā"
0052560,Vānes pagasts,01.07.2021,,,,,2,"ATVK2017 Vecā versija <-> Jaunā versija, NUTS2021 Nacionālā <-> Starptautiskā, NUTS2024 Nacionālā <-> Starptautiskā"
0052570,Viesatu pagasts,01.07.2021,,,,,2,"ATVK2017 Vecā versija <-> Jaunā versija, NUTS2021 Nacionālā <-> Starptautiskā, NUTS2024 Nacionālā <-> Starptautiskā"
0052580,Zantes pagasts,01.07.2021,,,,,2,"ATVK2017 Vecā versija <-> Jaunā versija, NUTS2021 Nacionālā <-> Starptautiskā, NUTS2024 Nacionālā <-> Starptautiskā"
0052590,Zemītes pagasts,01.07.2021,,,,,2,"ATVK2017 Vecā versija <-> Jaunā versija, NUTS2021 Nacionālā <-> Starptautiskā, NUTS2024 Nacionālā <-> Starptautiskā"
0052600,Zentenes pagasts,01.07.2021,,,,,2,"ATVK2017 Vecā versija <-> Jaunā versija, NUTS2021 Nacionālā <-> Starptautiskā, NUTS2024 Nacionālā <-> Starptautiskā"
0053000,Valkas novads,01.07.2021,,,,,1,"NUTS2021 Nacionālā <-> Starptautiskā, NUTS2024 Nacionālā <-> Starptautiskā"
0053200,Valka,01.07.2021,,,,,2,"ATVK2017 Vecā versija <-> Jaunā versija, NUTS2021 Nacionālā <-> Starptautiskā, NUTS2024 Nacionālā <-> Starptautiskā"
0053400,Ērģemes pagasts,01.07.2021,,,,,2,"ATVK2017 Vecā versija <-> Jaunā versija, NUTS2021 Nacionālā <-> Starptautiskā, NUTS2024 Nacionālā <-> Starptautiskā"
0053410,Kārķu pagasts,01.07.2021,,,,,2,"ATVK2017 Vecā versija <-> Jaunā versija, NUTS2021 Nacionālā <-> Starptautiskā, NUTS2024 Nacionālā <-> Starptautiskā"
0053420,Valkas pagasts,01.07.2021,,,,,2,"ATVK2017 Vecā versija <-> Jaunā versija, NUTS2021 Nacionālā <-> Starptautiskā, NUTS2024 Nacionālā <-> Starptautiskā"
0053430,Vijciema pagasts,01.07.2021,,,,,2,"ATVK2017 Vecā versija <-> Jaunā versija, NUTS2021 Nacionālā <-> Starptautiskā, NUTS2024 Nacionālā <-> Starptautiskā"
0053440,Zvārtavas pagasts,01.07.2021,,,,,2,"ATVK2017 Vecā versija <-> Jaunā versija, NUTS2021 Nacionālā <-> Starptautiskā, NUTS2024 Nacionālā <-> Starptautiskā"
0054000,Valmieras novads,01.07.2021,,,,,1,"NUTS2021 Nacionālā <-> Starptautiskā, NUTS2024 Nacionālā <-> Starptautiskā"
0054010,Valmiera,01.07.2021,,,,,2,"ATVK2017 Vecā versija <-> Jaunā versija, NUTS2021 Nacionālā <-> Starptautiskā, NUTS2024 Nacionālā <-> Starptautiskā"
0054200,Mazsalaca,01.07.2021,,,,,2,"ATVK2017 Vecā versija <-> Jaunā versija, NUTS2021 Nacionālā <-> Starptautiskā, NUTS2024 Nacionālā <-> Starptautiskā"
0054210,Rūjiena,01.07.2021,,,,,2,"ATVK2017 Vecā versija <-> Jaunā versija, NUTS2021 Nacionālā <-> Starptautiskā, NUTS2024 Nacionālā <-> Starptautiskā"
0054220,Seda,01.07.2021,,,,,2,"ATVK2017 Vecā versija <-> Jaunā versija, NUTS2021 Nacionālā <-> Starptautiskā, NUTS2024 Nacionālā <-> Starptautiskā"
0054230,Strenči,01.07.2021,,,,,2,"ATVK2017 Vecā versija <-> Jaunā versija, NUTS2021 Nacionālā <-> Starptautiskā, NUTS2024 Nacionālā <-> Starptautiskā"
0054400,Bērzaines pagasts,01.07.2021,,,,,2,"ATVK2017 Vecā versija <-> Jaunā versija, NUTS2021 Nacionālā <-> Starptautiskā, NUTS2024 Nacionālā <-> Starptautiskā"
0054410,Brenguļu pagasts,01.07.2021,,,,,2,"ATVK2017 Vecā versija <-> Jaunā versija, NUTS2021 Nacionālā <-> Starptautiskā, NUTS2024 Nacionālā <-> Starptautiskā"
0054420,Burtnieku pagasts,01.07.2021,,,,,2,"ATVK2017 Vecā versija <-> Jaunā versija, NUTS2021 Nacionālā <-> Starptautiskā, NUTS2024 Nacionālā <-> Starptautiskā"
0054430,Dikļu pagasts,01.07.2021,,,,,2,"ATVK2017 Vecā versija <-> Jaunā versija, NUTS2021 Nacionālā <-> Starptautiskā, NUTS2024 Nacionālā <-> Starptautiskā"
0054440,Ēveles pagasts,01.07.2021,,,,,2,"ATVK2017 Vecā versija <-> Jaunā versija, NUTS2021 Nacionālā <-> Starptautiskā, NUTS2024 Nacionālā <-> Starptautiskā"
0054450,Ipiķu pagasts,01.07.2021,,,,,2,"ATVK2017 Vecā versija <-> Jaunā versija, NUTS2021 Nacionālā <-> Starptautiskā, NUTS2024 Nacionālā <-> Starptautiskā"
0054460,Jeru pagasts,01.07.2021,,,,,2,"ATVK2017 Vecā versija <-> Jaunā versija, NUTS2021 Nacionālā <-> Starptautiskā, NUTS2024 Nacionālā <-> Starptautiskā"
0054470,Jērcēnu pagasts,01.07.2021,,,,,2,"ATVK2017 Vecā versija <-> Jaunā versija, NUTS2021 Nacionālā <-> Starptautiskā, NUTS2024 Nacionālā <-> Starptautiskā"
0054480,Kauguru pagasts,01.07.2021,,,,,2,"ATVK2017 Vecā versija <-> Jaunā versija, NUTS2021 Nacionālā <-> Starptautiskā, NUTS2024 Nacionālā <-> Starptautiskā"
0054490,Kocēnu pagasts,01.07.2021,,,,,2,"ATVK2017 Vecā versija <-> Jaunā versija, NUTS2021 Nacionālā <-> Starptautiskā, NUTS2024 Nacionālā <-> Starptautiskā"
0054500,Ķoņu pagasts,01.07.2021,,,,,2,"ATVK2017 Vecā versija <-> Jaunā versija, NUTS2021 Nacionālā <-> Starptautiskā, NUTS2024 Nacionālā <-> Starptautiskā"
0054510,Lodes pagasts,01.07.2021,,,,,2,"ATVK2017 Vecā versija <-> Jaunā versija, NUTS2021 Nacionālā <-> Starptautiskā, NUTS2024 Nacionālā <-> Starptautiskā"
0054520,Matīšu pagasts,01.07.2021,,,,,2,"ATVK2017 Vecā versija <-> Jaunā versija, NUTS2021 Nacionālā <-> Starptautiskā, NUTS2024 Nacionālā <-> Starptautiskā"
0054530,Mazsalacas pagasts,01.07.2021,,,,,2,"ATVK2017 Vecā versija <-> Jaunā versija, NUTS2021 Nacionālā <-> Starptautiskā, NUTS2024 Nacionālā <-> Starptautiskā"
0054540,Naukšēnu pagasts,01.07.2021,,,,,2,"ATVK2017 Vecā versija <-> Jaunā versija, NUTS2021 Nacionālā <-> Starptautiskā, NUTS2024 Nacionālā <-> Starptautiskā"
0054550,Plāņu pagasts,01.07.2021,,,,,2,"ATVK2017 Vecā versija <-> Jaunā versija, NUTS2021 Nacionālā <-> Starptautiskā, NUTS2024 Nacionālā <-> Starptautiskā"
0054560,Ramatas pagasts,01.07.2021,,,,,2,"ATVK2017 Vecā versija <-> Jaunā versija, NUTS2021 Nacionālā <-> Starptautiskā, NUTS2024 Nacionālā <-> Starptautiskā"
0054570,Rencēnu pagasts,01.07.2021,,,,,2,"ATVK2017 Vecā versija <-> Jaunā versija, NUTS2021 Nacionālā <-> Starptautiskā, NUTS2024 Nacionālā <-> Starptautiskā"
0054580,Sēļu pagasts,01.07.2021,,,,,2,"ATVK2017 Vecā versija <-> Jaunā versija, NUTS2021 Nacionālā <-> Starptautiskā, NUTS2024 Nacionālā <-> Starptautiskā"
0054590,Skaņkalnes pagasts,01.07.2021,,,,,2,"ATVK2017 Vecā versija <-> Jaunā versija, NUTS2021 Nacionālā <-> Starptautiskā, NUTS2024 Nacionālā <-> Starptautiskā"
0054600,Trikātas pagasts,01.07.2021,,,,,2,"ATVK2017 Vecā versija <-> Jaunā versija, NUTS2021 Nacionālā <-> Starptautiskā, NUTS2024 Nacionālā <-> Starptautiskā"
0054610,Vaidavas pagasts,01.07.2021,,,,,2,"ATVK2017 Vecā versija <-> Jaunā versija, NUTS2021 Nacionālā <-> Starptautiskā, NUTS2024 Nacionālā <-> Starptautiskā"
0054620,Valmieras pagasts,01.07.2021,,,,,2,"ATVK2017 Vecā versija <-> Jaunā versija, NUTS2021 Nacionālā <-> Starptautiskā, NUTS2024 Nacionālā <-> Starptautiskā"
0054630,Vecates pagasts,01.07.2021,,,,,2,"ATVK2017 Vecā versija <-> Jaunā versija, NUTS2021 Nacionālā <-> Starptautiskā, NUTS2024 Nacionālā <-> Starptautiskā"
0054640,Vilpulkas pagasts,01.07.2021,,,,,2,"ATVK2017 Vecā versija <-> Jaunā versija, NUTS2021 Nacionālā <-> Starptautiskā, NUTS2024 Nacionālā <-> Starptautiskā"
0054650,Zilākalna pagasts,01.07.2021,,,,,2,"ATVK2017 Vecā versija <-> Jaunā versija, NUTS2021 Nacionālā <-> Starptautiskā, NUTS2024 Nacionālā <-> Starptautiskā"
0056000,Ventspils novads,01.07.2021,,,,,1,"NUTS2021 Nacionālā <-> Starptautiskā, NUTS2024 Nacionālā <-> Starptautiskā"
0056200,Piltene,01.07.2021,,,,,2,"ATVK2017 Vecā versija <-> Jaunā versija, NUTS2021 Nacionālā <-> Starptautiskā, NUTS2024 Nacionālā <-> Starptautiskā"
0056400,Ances pagasts,01.07.2021,,,,,2,"ATVK2017 Vecā versija <-> Jaunā versija, NUTS2021 Nacionālā <-> Starptautiskā, NUTS2024 Nacionālā <-> Starptautiskā"
0056410,Jūrkalnes pagasts,01.07.2021,,,,,2,"ATVK2017 Vecā versija <-> Jaunā versija, NUTS2021 Nacionālā <-> Starptautiskā, NUTS2024 Nacionālā <-> Starptautiskā"
0056420,Piltenes pagasts,01.07.2021,,,,,2,"ATVK2017 Vecā versija <-> Jaunā versija, NUTS2021 Nacionālā <-> Starptautiskā, NUTS2024 Nacionālā <-> Starptautiskā"
0056430,Popes pagasts,01.07.2021,,,,,2,"ATVK2017 Vecā versija <-> Jaunā versija, NUTS2021 Nacionālā <-> Starptautiskā, NUTS2024 Nacionālā <-> Starptautiskā"
0056440,Puzes pagasts,01.07.2021,,,,,2,"ATVK2017 Vecā versija <-> Jaunā versija, NUTS2021 Nacionālā <-> Starptautiskā, NUTS2024 Nacionālā <-> Starptautiskā"
0056450,Tārgales pagasts,01.07.2021,,,,,2,"ATVK2017 Vecā versija <-> Jaunā versija, NUTS2021 Nacionālā <-> Starptautiskā, NUTS2024 Nacionālā <-> Starptautiskā"
0056460,Ugāles pagasts,01.07.2021,,,,,2,"ATVK2017 Vecā versija <-> Jaunā versija, NUTS2021 Nacionālā <-> Starptautiskā, NUTS2024 Nacionālā <-> Starptautiskā"
0056470,Usmas pagasts,01.07.2021,,,,,2,"ATVK2017 Vecā versija <-> Jaunā versija, NUTS2021 Nacionālā <-> Starptautiskā, NUTS2024 Nacionālā <-> Starptautiskā"
0056480,Užavas pagasts,01.07.2021,,,,,2,"ATVK2017 Vecā versija <-> Jaunā versija, NUTS2021 Nacionālā <-> Starptautiskā, NUTS2024 Nacionālā <-> Starptautiskā"
0056490,Vārves pagasts,01.07.2021,,,,,2,"ATVK2017 Vecā versija <-> Jaunā versija, NUTS2021 Nacionālā <-> Starptautiskā, NUTS2024 Nacionālā <-> Starptautiskā"
0056500,Ziru pagasts,01.07.2021,,,,,2,"ATVK2017 Vecā versija <-> Jaunā versija, NUTS2021 Nacionālā <-> Starptautiskā, NUTS2024 Nacionālā <-> Starptautiskā"
0056510,Zlēku pagasts,01.07.2021,,,,,2,"ATVK2017 Vecā versija <-> Jaunā versija, NUTS2021 Nacionālā <-> Starptautiskā, NUTS2024 Nacionālā <-> Starptautiskā"